"","y","black","female","v.prev.full","age","edu","state","region.full"
"1",1,0,1,0.521333336830139,2,4,39,1
"2",0,0,1,0.563333332538605,4,2,31,1
"3",0,0,1,0.564000010490417,1,3,7,1
"4",1,0,1,0.510999977588654,2,2,33,1
"5",1,0,1,0.510999977588654,4,4,33,1
"6",1,0,0,0.521333336830139,2,2,39,1
"7",1,0,1,0.544666647911072,4,2,20,1
"8",0,0,0,0.510999977588654,3,4,33,1
"9",0,0,0,0.467000007629395,3,1,40,1
"10",0,0,1,0.563333332538605,2,4,31,1
"11",1,0,1,0.510999977588654,4,3,33,1
"12",1,0,1,0.510999977588654,2,4,33,1
"13",0,0,1,0.563333332538605,2,4,31,1
"14",0,0,1,0.477999985218048,2,4,22,1
"15",1,0,0,0.563333332538605,4,2,31,1
"16",1,0,0,0.521333336830139,4,1,39,1
"17",0,0,1,0.563333332538605,1,2,31,1
"18",0,0,0,0.510999977588654,2,3,33,1
"19",0,0,1,0.510999977588654,4,3,33,1
"20",0,0,0,0.564000010490417,1,2,7,1
"21",1,0,0,0.521333336830139,3,2,39,1
"22",0,0,0,0.510999977588654,2,4,33,1
"23",1,0,0,0.510999977588654,2,4,33,1
"24",0,0,1,0.477999985218048,3,4,22,1
"25",1,0,0,0.563333332538605,1,2,31,1
"26",1,0,1,0.563333332538605,3,4,31,1
"27",0,0,1,0.563333332538605,4,3,31,1
"28",0,0,0,0.477999985218048,2,1,22,1
"29",0,0,1,0.510999977588654,3,2,33,1
"30",0,0,0,0.561333358287811,4,1,44,3
"31",0,0,0,0.477999985218048,2,3,22,1
"32",0,0,0,0.521333336830139,2,4,39,1
"33",0,0,0,0.510999977588654,1,3,33,1
"34",0,0,1,0.569666624069214,2,2,10,3
"35",1,0,1,0.563333332538605,4,1,31,1
"36",1,0,1,0.488333344459534,3,2,4,3
"37",1,0,1,0.563333332538605,3,2,31,1
"38",0,0,0,0.561333358287811,3,4,44,3
"39",1,0,1,0.533666670322418,2,2,14,2
"40",1,0,0,0.525333285331726,3,4,41,3
"41",1,0,1,0.477999985218048,1,4,22,1
"42",1,0,0,0.569666624069214,1,1,10,3
"43",1,0,1,0.525333285331726,2,4,41,3
"44",1,0,0,0.521333336830139,1,3,39,1
"45",1,0,1,0.525333285331726,2,4,41,3
"46",1,0,0,0.537999987602234,3,2,19,3
"47",0,0,1,0.533666670322418,2,2,14,2
"48",0,0,1,0.566999971866608,2,4,47,3
"49",0,0,1,0.608666658401489,3,1,37,3
"50",0,0,1,0.477999985218048,1,4,22,1
"51",1,0,1,0.563333332538605,3,1,31,1
"52",0,0,1,0.451333343982697,2,3,11,3
"53",1,0,0,0.549333333969116,1,3,36,2
"54",1,0,0,0.471333354711533,2,2,24,2
"55",1,0,1,0.537999987602234,2,2,19,3
"56",1,0,0,0.564000010490417,2,3,7,1
"57",1,0,0,0.540333330631256,1,4,25,3
"58",0,1,1,0.152999997138977,2,4,9,5
"59",0,0,1,0.566999971866608,4,1,47,3
"60",0,0,0,0.614666640758514,4,1,17,2
"61",0,0,1,0.529333353042603,2,2,26,2
"62",0,0,1,0.483666658401489,2,2,49,1
"63",1,0,0,0.533666670322418,2,4,14,2
"64",0,0,1,0.524333357810974,2,3,18,3
"65",0,0,1,0.493999987840652,2,4,21,1
"66",1,0,1,0.608666658401489,3,4,37,3
"67",1,1,0,0.525333285331726,1,2,41,3
"68",1,0,1,0.451333343982697,1,3,11,3
"69",1,0,1,0.506333351135254,2,3,43,3
"70",0,0,0,0.533666670322418,3,4,14,2
"71",1,0,0,0.510999977588654,1,2,33,1
"72",1,0,0,0.540333330631256,1,2,25,3
"73",1,0,1,0.483666658401489,2,3,49,1
"74",1,0,1,0.537999987602234,2,4,19,3
"75",1,0,1,0.540333330631256,3,2,25,3
"76",1,0,0,0.561333358287811,2,4,44,3
"77",1,0,0,0.506333351135254,3,1,43,3
"78",1,0,0,0.566999971866608,2,3,47,3
"79",0,0,0,0.533666670322418,2,2,14,2
"80",1,0,1,0.537999987602234,4,2,19,3
"81",1,0,0,0.614666640758514,1,1,17,2
"82",1,0,1,0.524999976158142,3,1,34,3
"83",1,0,0,0.451333343982697,3,2,11,3
"84",1,0,1,0.561333358287811,1,4,44,3
"85",1,0,0,0.471333354711533,1,4,24,2
"86",1,1,1,0.569666624069214,1,2,10,3
"87",0,0,1,0.569666624069214,4,4,10,3
"88",1,0,1,0.533666670322418,1,2,14,2
"89",0,0,0,0.549333333969116,1,3,36,2
"90",0,0,0,0.525333285331726,1,2,41,3
"91",0,0,0,0.451333343982697,3,1,11,3
"92",0,1,1,0.561333358287811,3,3,44,3
"93",0,0,1,0.451333343982697,1,2,11,3
"94",1,0,0,0.569666624069214,2,3,10,3
"95",0,0,0,0.561333358287811,2,4,44,3
"96",0,0,1,0.533666670322418,2,4,14,2
"97",0,0,0,0.521000027656555,3,3,50,2
"98",0,1,1,0.561333358287811,4,2,44,3
"99",0,0,0,0.493999987840652,2,2,21,1
"100",1,0,0,0.493999987840652,3,4,21,1
"101",0,0,1,0.506333351135254,4,2,43,3
"102",0,0,1,0.524333357810974,1,2,18,3
"103",0,0,0,0.554666697978973,1,2,23,2
"104",1,0,1,0.529333353042603,2,2,26,2
"105",1,0,0,0.566999971866608,2,1,47,3
"106",1,0,1,0.537999987602234,2,3,19,3
"107",0,0,0,0.569666624069214,1,2,10,3
"108",1,0,0,0.524999976158142,3,4,34,3
"109",1,0,1,0.561333358287811,3,2,44,3
"110",0,1,0,0.569666624069214,2,2,10,3
"111",1,0,1,0.586333334445953,3,4,15,2
"112",1,0,0,0.540333330631256,1,3,25,3
"113",0,0,1,0.554666697978973,4,2,23,2
"114",0,0,1,0.561333358287811,1,3,44,3
"115",1,0,1,0.524999976158142,2,2,34,3
"116",1,0,1,0.524999976158142,1,1,34,3
"117",1,0,1,0.561333358287811,4,1,44,3
"118",1,0,1,0.566999971866608,1,3,47,3
"119",1,0,1,0.483666658401489,3,1,49,1
"120",1,0,0,0.524333357810974,2,1,18,3
"121",1,0,0,0.569666624069214,2,1,10,3
"122",0,1,1,0.554666697978973,2,2,23,2
"123",0,0,0,0.569666624069214,2,2,10,3
"124",0,0,0,0.471333354711533,4,1,24,2
"125",0,0,0,0.561333358287811,1,1,44,3
"126",1,0,1,0.533666670322418,3,4,14,2
"127",0,0,1,0.483666658401489,2,2,49,1
"128",0,1,0,0.569666624069214,2,2,10,3
"129",1,0,1,0.506333351135254,4,2,43,3
"130",1,0,1,0.646333336830139,2,3,3,4
"131",0,0,1,0.691666662693024,2,4,13,4
"132",0,0,1,0.561333358287811,3,4,44,3
"133",1,0,1,0.533666670322418,4,4,14,2
"134",1,0,1,0.561333358287811,4,4,44,3
"135",1,0,1,0.549333333969116,2,2,36,2
"136",1,0,1,0.540333330631256,2,4,25,3
"137",1,0,1,0.483666658401489,4,1,49,1
"138",0,0,1,0.566999971866608,3,4,47,3
"139",1,0,1,0.552333295345306,2,2,48,4
"140",1,0,0,0.569666624069214,3,4,10,3
"141",0,0,1,0.522666692733765,1,4,16,2
"142",0,0,0,0.525333285331726,1,3,41,3
"143",1,0,0,0.561333358287811,4,4,44,3
"144",1,0,0,0.549333333969116,1,3,36,2
"145",1,0,1,0.471333354711533,1,3,24,2
"146",1,0,1,0.552333295345306,3,1,48,4
"147",1,0,1,0.549333333969116,1,3,36,2
"148",1,0,1,0.533666670322418,3,3,14,2
"149",1,0,0,0.569666624069214,1,3,10,3
"150",1,0,1,0.677333354949951,4,1,28,2
"151",1,0,0,0.562000036239624,2,4,5,4
"152",0,0,0,0.471333354711533,3,2,24,2
"153",0,0,0,0.528333365917206,2,2,8,1
"154",0,0,1,0.562000036239624,2,3,5,4
"155",0,0,1,0.554666697978973,2,2,23,2
"156",0,0,1,0.677333354949951,1,2,28,2
"157",1,0,0,0.632333338260651,2,4,35,2
"158",0,0,1,0.562000036239624,1,3,5,4
"159",0,0,1,0.646333336830139,3,1,3,4
"160",1,0,0,0.569666624069214,2,4,10,3
"161",1,0,0,0.552333295345306,1,2,48,4
"162",1,0,1,0.677333354949951,1,4,28,2
"163",1,0,0,0.561333358287811,3,4,44,3
"164",0,0,0,0.554666697978973,1,3,23,2
"165",1,0,1,0.533666670322418,1,2,14,2
"166",0,0,1,0.529333353042603,2,2,26,2
"167",1,0,1,0.554666697978973,1,4,23,2
"168",0,0,1,0.524333357810974,3,2,18,3
"169",1,0,1,0.614666640758514,2,2,17,2
"170",0,1,1,0.533666670322418,2,3,14,2
"171",0,0,1,0.554666697978973,3,4,23,2
"172",1,0,0,0.562000036239624,3,2,5,4
"173",0,0,0,0.533666670322418,1,2,14,2
"174",0,0,1,0.562000036239624,3,2,5,4
"175",0,0,1,0.562000036239624,2,3,5,4
"176",0,0,1,0.533666670322418,3,3,14,2
"177",1,0,0,0.562000036239624,4,3,5,4
"178",0,0,1,0.571333348751068,3,4,32,4
"179",1,0,1,0.549333333969116,2,3,36,2
"180",0,0,1,0.562000036239624,3,3,5,4
"181",0,0,1,0.552333295345306,4,2,48,4
"182",0,0,0,0.614666640758514,2,4,17,2
"183",0,0,1,0.552333295345306,1,3,48,4
"184",1,0,1,0.552333295345306,3,3,48,4
"185",0,0,0,0.562000036239624,2,4,5,4
"186",1,0,0,0.562000036239624,3,3,5,4
"187",1,0,0,0.562000036239624,1,2,5,4
"188",0,0,1,0.571333348751068,2,3,32,4
"189",0,0,0,0.539333343505859,2,4,38,4
"190",0,0,1,0.549333333969116,3,2,36,2
"191",1,0,0,0.562000036239624,2,4,5,4
"192",1,0,0,0.521000027656555,2,3,50,2
"193",0,0,0,0.562000036239624,4,2,5,4
"194",1,0,0,0.571333348751068,3,2,32,4
"195",1,0,1,0.562000036239624,4,2,5,4
"196",1,0,1,0.552333295345306,4,3,48,4
"197",0,0,0,0.562000036239624,2,3,5,4
"198",1,0,0,0.562000036239624,3,4,5,4
"199",1,0,0,0.726999998092651,3,4,45,4
"200",1,0,1,0.726999998092651,1,3,45,4
"201",1,0,1,0.562000036239624,3,2,5,4
"202",1,1,1,0.561333358287811,2,4,44,3
"203",1,0,1,0.562000036239624,2,3,5,4
"204",0,0,0,0.477999985218048,2,4,22,1
"205",0,0,0,0.563333332538605,2,2,31,1
"206",0,0,1,0.563333332538605,1,4,31,1
"207",1,0,1,0.506333351135254,2,3,43,3
"208",1,0,0,0.569666624069214,2,4,10,3
"209",0,0,1,0.562000036239624,3,2,5,4
"210",0,0,1,0.549333333969116,4,3,36,2
"211",1,0,1,0.562000036239624,2,2,5,4
"212",1,0,0,0.510999977588654,1,1,33,1
"213",1,0,0,0.549333333969116,1,2,36,2
"214",1,0,1,0.562000036239624,2,3,5,4
"215",0,1,0,0.533666670322418,1,4,14,2
"216",0,0,0,0.525333285331726,1,2,41,3
"217",0,0,1,0.552333295345306,3,3,48,4
"218",1,0,0,0.562000036239624,2,4,5,4
"219",1,0,1,0.554666697978973,3,4,23,2
"220",0,0,0,0.510999977588654,1,4,33,1
"221",1,0,1,0.521000027656555,2,4,50,2
"222",0,0,1,0.549333333969116,2,2,36,2
"223",0,0,1,0.549333333969116,1,2,36,2
"224",0,0,0,0.510999977588654,3,4,33,1
"225",1,0,1,0.566999971866608,3,3,47,3
"226",0,0,1,0.467000007629395,2,3,40,1
"227",1,0,1,0.533666670322418,2,4,14,2
"228",1,0,1,0.549333333969116,1,2,36,2
"229",1,0,0,0.562000036239624,2,2,5,4
"230",0,0,1,0.477999985218048,3,4,22,1
"231",1,0,1,0.562000036239624,1,2,5,4
"232",1,0,0,0.539333343505859,2,2,38,4
"233",0,0,1,0.467000007629395,4,1,40,1
"234",1,0,0,0.646333336830139,3,2,3,4
"235",1,0,1,0.521000027656555,1,4,50,2
"236",1,0,0,0.726999998092651,2,4,45,4
"237",1,0,0,0.471333354711533,1,2,24,2
"238",1,0,0,0.549333333969116,4,2,36,2
"239",0,0,1,0.522666692733765,3,2,16,2
"240",0,0,0,0.544666647911072,1,4,20,1
"241",0,0,0,0.561333358287811,1,4,44,3
"242",1,0,1,0.571333348751068,2,3,32,4
"243",1,0,1,0.521000027656555,2,2,50,2
"244",0,0,1,0.646333336830139,3,2,3,4
"245",0,0,1,0.554666697978973,3,2,23,2
"246",0,0,1,0.471333354711533,2,3,24,2
"247",1,0,0,0.477999985218048,3,4,22,1
"248",1,0,1,0.61300003528595,2,3,6,4
"249",1,0,1,0.563333332538605,2,4,31,1
"250",1,0,0,0.566999971866608,1,3,47,3
"251",1,0,1,0.471333354711533,1,3,24,2
"252",1,0,1,0.493999987840652,1,3,21,1
"253",1,0,0,0.483666658401489,3,2,49,1
"254",1,0,0,0.554666697978973,2,2,23,2
"255",0,0,1,0.61300003528595,2,4,6,4
"256",0,0,1,0.563333332538605,3,2,31,1
"257",1,0,1,0.552333295345306,1,3,48,4
"258",1,0,1,0.614666640758514,1,3,17,2
"259",1,0,0,0.608666658401489,1,3,37,3
"260",1,0,1,0.549333333969116,3,2,36,2
"261",1,0,1,0.549333333969116,3,4,36,2
"262",0,0,0,0.562000036239624,2,4,5,4
"263",0,1,0,0.510999977588654,2,4,33,1
"264",0,1,0,0.506333351135254,1,3,43,3
"265",0,1,0,0.537999987602234,1,2,19,3
"266",0,0,0,0.529333353042603,1,4,26,2
"267",1,0,0,0.506333351135254,3,2,43,3
"268",0,1,0,0.537999987602234,2,3,19,3
"269",1,0,0,0.563333332538605,1,3,31,1
"270",0,0,1,0.569666624069214,4,2,10,3
"271",1,0,0,0.521333336830139,3,4,39,1
"272",0,0,1,0.506333351135254,2,4,43,3
"273",1,0,1,0.477999985218048,1,2,22,1
"274",0,0,1,0.554666697978973,2,4,23,2
"275",1,0,1,0.451333343982697,3,2,11,3
"276",0,0,1,0.533666670322418,3,1,14,2
"277",1,1,0,0.525333285331726,1,2,41,3
"278",1,0,1,0.524999976158142,3,3,34,3
"279",0,0,0,0.533666670322418,1,2,14,2
"280",0,0,0,0.483666658401489,2,3,49,1
"281",0,0,0,0.569666624069214,1,1,10,3
"282",0,0,0,0.554666697978973,3,4,23,2
"283",0,0,1,0.477999985218048,2,2,22,1
"284",0,0,0,0.521000027656555,1,4,50,2
"285",0,0,0,0.510999977588654,2,2,33,1
"286",0,0,1,0.506333351135254,3,2,43,3
"287",0,0,0,0.488333344459534,4,2,4,3
"288",1,0,1,0.549333333969116,2,2,36,2
"289",0,1,1,0.451333343982697,3,1,11,3
"290",0,0,1,0.554666697978973,2,2,23,2
"291",1,0,1,0.569666624069214,3,3,10,3
"292",0,0,1,0.477999985218048,1,3,22,1
"293",0,0,1,0.521333336830139,4,4,39,1
"294",1,0,0,0.477999985218048,4,3,22,1
"295",1,0,0,0.608666658401489,1,3,37,3
"296",1,0,1,0.533666670322418,2,3,14,2
"297",0,0,0,0.533666670322418,4,2,14,2
"298",0,0,1,0.471333354711533,1,3,24,2
"299",0,0,0,0.521333336830139,2,2,39,1
"300",1,0,0,0.554666697978973,3,3,23,2
"301",0,0,0,0.569666624069214,3,3,10,3
"302",1,0,1,0.451333343982697,2,4,11,3
"303",0,0,0,0.554666697978973,2,3,23,2
"304",0,0,1,0.521333336830139,1,2,39,1
"305",0,0,1,0.451333343982697,2,2,11,3
"306",0,0,0,0.477999985218048,2,4,22,1
"307",0,0,0,0.566999971866608,1,2,47,3
"308",0,0,0,0.477999985218048,1,2,22,1
"309",0,0,1,0.510999977588654,1,2,33,1
"310",0,0,0,0.533666670322418,1,1,14,2
"311",0,0,1,0.529333353042603,3,2,26,2
"312",1,0,1,0.677333354949951,3,3,28,2
"313",1,0,0,0.554666697978973,1,2,23,2
"314",1,0,0,0.563333332538605,2,4,31,1
"315",1,0,1,0.598666667938232,2,3,42,2
"316",0,0,0,0.563333332538605,4,2,31,1
"317",1,0,1,0.561333358287811,4,1,44,3
"318",1,1,0,0.524999976158142,2,3,34,3
"319",1,0,0,0.451333343982697,1,3,11,3
"320",0,0,0,0.533666670322418,2,2,14,2
"321",0,1,0,0.510999977588654,1,2,33,1
"322",1,0,1,0.506333351135254,4,4,43,3
"323",1,0,1,0.586333334445953,4,1,15,2
"324",0,0,1,0.586333334445953,2,3,15,2
"325",0,0,0,0.563333332538605,4,2,31,1
"326",0,0,1,0.477999985218048,2,4,22,1
"327",1,0,1,0.529333353042603,3,2,26,2
"328",1,1,1,0.517333328723907,2,1,1,3
"329",1,0,0,0.483666658401489,2,2,49,1
"330",0,0,1,0.533666670322418,3,2,14,2
"331",1,0,1,0.510999977588654,1,2,33,1
"332",0,0,0,0.510999977588654,4,2,33,1
"333",1,0,0,0.563333332538605,2,4,31,1
"334",0,0,0,0.566999971866608,2,4,47,3
"335",1,0,0,0.549333333969116,3,3,36,2
"336",1,0,0,0.510999977588654,3,1,33,1
"337",0,0,1,0.510999977588654,2,3,33,1
"338",0,0,0,0.638999998569489,2,2,30,1
"339",0,0,1,0.477999985218048,1,2,22,1
"340",1,0,1,0.561333358287811,3,4,44,3
"341",1,0,0,0.540333330631256,2,3,25,3
"342",1,0,1,0.510999977588654,2,4,33,1
"343",1,0,1,0.554666697978973,3,2,23,2
"344",0,0,1,0.554666697978973,3,2,23,2
"345",1,0,0,0.525333285331726,3,4,41,3
"346",1,0,1,0.471333354711533,3,3,24,2
"347",1,0,0,0.467000007629395,2,2,40,1
"348",0,0,1,0.561333358287811,3,2,44,3
"349",0,0,0,0.477999985218048,2,2,22,1
"350",0,0,1,0.471333354711533,4,1,24,2
"351",1,0,0,0.560999989509583,2,2,46,1
"352",0,0,1,0.563333332538605,2,3,31,1
"353",0,0,1,0.510999977588654,2,3,33,1
"354",1,0,0,0.561333358287811,1,2,44,3
"355",1,0,0,0.549333333969116,2,3,36,2
"356",0,0,1,0.524999976158142,3,2,34,3
"357",1,0,1,0.525333285331726,2,4,41,3
"358",0,0,1,0.537999987602234,2,2,19,3
"359",1,0,0,0.563333332538605,1,4,31,1
"360",1,0,1,0.537999987602234,1,2,19,3
"361",1,1,1,0.566999971866608,1,2,47,3
"362",1,0,1,0.563333332538605,2,2,31,1
"363",0,0,1,0.467000007629395,2,4,40,1
"364",1,0,0,0.525333285331726,3,2,41,3
"365",1,0,0,0.569666624069214,1,4,10,3
"366",0,1,1,0.533666670322418,1,4,14,2
"367",0,0,1,0.477999985218048,3,2,22,1
"368",0,0,0,0.563333332538605,3,4,31,1
"369",0,0,0,0.569666624069214,3,2,10,3
"370",1,0,1,0.561333358287811,3,3,44,3
"371",1,0,1,0.521333336830139,1,2,39,1
"372",1,0,1,0.483666658401489,1,1,49,1
"373",1,0,1,0.451333343982697,2,2,11,3
"374",0,0,0,0.510999977588654,3,4,33,1
"375",0,0,0,0.569666624069214,1,3,10,3
"376",1,0,1,0.451333343982697,2,3,11,3
"377",1,0,0,0.524999976158142,2,2,34,3
"378",1,0,0,0.524999976158142,4,1,34,3
"379",1,0,0,0.529333353042603,2,3,26,2
"380",1,0,1,0.554666697978973,3,2,23,2
"381",1,0,0,0.510999977588654,2,4,33,1
"382",1,0,1,0.493999987840652,1,3,21,1
"383",1,0,0,0.566999971866608,1,4,47,3
"384",1,0,1,0.451333343982697,3,4,11,3
"385",1,0,1,0.566999971866608,2,2,47,3
"386",1,0,1,0.614666640758514,2,3,17,2
"387",1,0,0,0.477999985218048,2,4,22,1
"388",1,0,0,0.510999977588654,2,4,33,1
"389",1,1,0,0.569666624069214,2,1,10,3
"390",1,0,0,0.561333358287811,4,2,44,3
"391",1,1,1,0.510999977588654,1,4,33,1
"392",1,0,1,0.540333330631256,3,2,25,3
"393",1,0,0,0.554666697978973,2,2,23,2
"394",1,0,0,0.537999987602234,1,2,19,3
"395",0,1,0,0.493999987840652,1,2,21,1
"396",0,0,0,0.483666658401489,3,2,49,1
"397",0,0,1,0.525333285331726,4,2,41,3
"398",1,0,1,0.483666658401489,2,2,49,1
"399",0,0,1,0.510999977588654,2,4,33,1
"400",0,0,0,0.521333336830139,4,4,39,1
"401",0,1,1,0.451333343982697,3,2,11,3
"402",1,0,1,0.521333336830139,4,2,39,1
"403",1,0,0,0.569666624069214,1,2,10,3
"404",1,0,1,0.569666624069214,2,2,10,3
"405",0,0,1,0.493999987840652,3,2,21,1
"406",1,0,1,0.561333358287811,3,4,44,3
"407",1,0,1,0.561333358287811,2,4,44,3
"408",1,0,1,0.510999977588654,3,2,33,1
"409",1,0,0,0.561333358287811,4,4,44,3
"410",1,0,1,0.524333357810974,2,2,18,3
"411",1,0,1,0.561333358287811,4,4,44,3
"412",1,0,1,0.506333351135254,2,4,43,3
"413",1,0,1,0.510999977588654,3,4,33,1
"414",1,0,1,0.561333358287811,1,2,44,3
"415",1,0,0,0.524999976158142,1,2,34,3
"416",1,0,0,0.563333332538605,1,3,31,1
"417",1,0,1,0.562000036239624,4,2,5,4
"418",1,0,1,0.524999976158142,2,4,34,3
"419",1,0,0,0.563333332538605,2,1,31,1
"420",0,0,1,0.533666670322418,4,1,14,2
"421",1,0,1,0.524333357810974,3,2,18,3
"422",0,0,1,0.477999985218048,1,4,22,1
"423",1,0,1,0.506333351135254,3,2,43,3
"424",1,0,1,0.61300003528595,1,4,6,4
"425",0,0,1,0.533666670322418,2,4,14,2
"426",1,0,1,0.563333332538605,2,3,31,1
"427",1,0,0,0.521333336830139,1,2,39,1
"428",0,0,0,0.569666624069214,3,4,10,3
"429",0,0,1,0.524999976158142,2,1,34,3
"430",1,0,0,0.569666624069214,4,2,10,3
"431",0,0,1,0.521333336830139,2,3,39,1
"432",0,0,0,0.586333334445953,3,2,15,2
"433",1,0,1,0.477999985218048,2,3,22,1
"434",1,0,0,0.561333358287811,2,4,44,3
"435",1,0,1,0.533666670322418,2,3,14,2
"436",1,0,0,0.569666624069214,4,2,10,3
"437",1,0,1,0.561333358287811,1,4,44,3
"438",1,0,0,0.566999971866608,1,3,47,3
"439",1,0,0,0.524333357810974,1,3,18,3
"440",1,0,1,0.561333358287811,1,3,44,3
"441",0,0,1,0.467000007629395,2,3,40,1
"442",0,0,0,0.608666658401489,2,3,37,3
"443",0,0,1,0.549333333969116,2,2,36,2
"444",1,0,0,0.524333357810974,3,3,18,3
"445",0,0,0,0.521333336830139,4,2,39,1
"446",1,0,0,0.510999977588654,2,2,33,1
"447",1,0,1,0.506333351135254,1,3,43,3
"448",0,0,1,0.471333354711533,2,2,24,2
"449",0,0,1,0.569666624069214,1,1,10,3
"450",1,0,1,0.549333333969116,1,4,36,2
"451",1,0,1,0.533666670322418,3,2,14,2
"452",1,0,1,0.569666624069214,2,4,10,3
"453",1,0,1,0.569666624069214,2,4,10,3
"454",1,0,1,0.451333343982697,1,2,11,3
"455",1,0,0,0.569666624069214,4,1,10,3
"456",1,0,1,0.510999977588654,3,3,33,1
"457",0,0,1,0.521333336830139,1,2,39,1
"458",1,0,1,0.614666640758514,3,2,17,2
"459",0,0,1,0.529333353042603,2,4,26,2
"460",1,0,1,0.566999971866608,2,2,47,3
"461",1,0,1,0.569666624069214,2,3,10,3
"462",0,0,1,0.521000027656555,1,3,50,2
"463",1,0,0,0.451333343982697,2,4,11,3
"464",1,0,1,0.524333357810974,2,2,18,3
"465",1,0,1,0.521000027656555,2,2,50,2
"466",1,0,0,0.510999977588654,1,2,33,1
"467",1,0,1,0.677333354949951,3,4,28,2
"468",1,0,0,0.506333351135254,3,2,43,3
"469",0,0,0,0.471333354711533,3,2,24,2
"470",0,0,0,0.537999987602234,2,3,19,3
"471",1,0,1,0.563333332538605,1,4,31,1
"472",1,0,1,0.510999977588654,2,3,33,1
"473",0,0,0,0.529333353042603,4,3,26,2
"474",1,0,1,0.554666697978973,2,3,23,2
"475",1,0,0,0.533666670322418,2,3,14,2
"476",1,0,1,0.506333351135254,1,4,43,3
"477",1,0,1,0.561333358287811,2,2,44,3
"478",1,0,0,0.524333357810974,3,1,18,3
"479",1,0,1,0.488333344459534,1,2,4,3
"480",1,0,1,0.533666670322418,1,2,14,2
"481",1,0,1,0.529333353042603,2,4,26,2
"482",1,0,0,0.517333328723907,2,2,1,3
"483",1,0,0,0.726999998092651,1,4,45,4
"484",1,0,1,0.614666640758514,2,2,17,2
"485",1,0,0,0.561333358287811,1,4,44,3
"486",0,0,1,0.540333330631256,2,1,25,3
"487",1,0,0,0.646333336830139,3,3,3,4
"488",1,0,1,0.561333358287811,2,2,44,3
"489",1,0,1,0.562000036239624,2,4,5,4
"490",1,0,1,0.506333351135254,1,4,43,3
"491",0,1,0,0.540333330631256,2,2,25,3
"492",1,0,0,0.646333336830139,1,4,3,4
"493",0,0,1,0.521000027656555,2,4,50,2
"494",1,0,0,0.561333358287811,1,2,44,3
"495",1,0,0,0.506333351135254,4,2,43,3
"496",0,0,1,0.521000027656555,2,2,50,2
"497",0,0,0,0.562000036239624,1,4,5,4
"498",0,0,1,0.61300003528595,2,2,6,4
"499",0,0,0,0.562000036239624,2,4,5,4
"500",1,0,0,0.562000036239624,3,3,5,4
"501",1,0,1,0.562000036239624,1,2,5,4
"502",0,0,0,0.562000036239624,1,4,5,4
"503",0,0,1,0.552333295345306,1,1,48,4
"504",1,0,0,0.552333295345306,1,4,48,4
"505",1,0,0,0.667666673660278,2,3,51,4
"506",1,0,0,0.562000036239624,1,4,5,4
"507",1,0,0,0.571333348751068,2,4,32,4
"508",1,0,1,0.562000036239624,1,2,5,4
"509",1,0,0,0.562000036239624,2,4,5,4
"510",1,0,0,0.562000036239624,2,4,5,4
"511",0,1,0,0.562000036239624,3,4,5,4
"512",0,0,1,0.562000036239624,4,4,5,4
"513",0,1,0,0.562000036239624,4,1,5,4
"514",0,0,0,0.552333295345306,3,4,48,4
"515",1,0,0,0.539333343505859,3,2,38,4
"516",0,0,1,0.552333295345306,1,2,48,4
"517",0,1,1,0.510999977588654,2,2,33,1
"518",1,0,1,0.510999977588654,3,2,33,1
"519",0,0,1,0.521333336830139,3,2,39,1
"520",1,0,1,0.521333336830139,3,3,39,1
"521",1,0,1,0.510999977588654,3,3,33,1
"522",1,0,1,0.477999985218048,2,4,22,1
"523",0,0,1,0.510999977588654,2,4,33,1
"524",0,0,0,0.510999977588654,3,4,33,1
"525",0,1,1,0.510999977588654,1,2,33,1
"526",0,0,1,0.510999977588654,2,2,33,1
"527",1,0,0,0.510999977588654,1,4,33,1
"528",1,0,0,0.510999977588654,3,1,33,1
"529",1,0,0,0.510999977588654,2,4,33,1
"530",0,0,1,0.521333336830139,2,4,39,1
"531",1,0,1,0.564000010490417,4,1,7,1
"532",1,0,1,0.467000007629395,1,2,40,1
"533",0,0,1,0.510999977588654,3,4,33,1
"534",1,0,1,0.477999985218048,2,3,22,1
"535",1,0,1,0.510999977588654,2,3,33,1
"536",1,0,0,0.563333332538605,3,4,31,1
"537",0,0,1,0.521000027656555,3,3,50,2
"538",0,0,0,0.510999977588654,2,4,33,1
"539",0,0,1,0.554666697978973,2,3,23,2
"540",0,0,1,0.563333332538605,3,2,31,1
"541",1,0,1,0.521333336830139,4,2,39,1
"542",1,0,0,0.510999977588654,2,3,33,1
"543",1,0,1,0.586333334445953,3,2,15,2
"544",1,0,1,0.529333353042603,1,2,26,2
"545",0,0,1,0.510999977588654,2,3,33,1
"546",1,0,1,0.563333332538605,1,2,31,1
"547",1,0,1,0.521333336830139,2,2,39,1
"548",1,0,1,0.549333333969116,3,2,36,2
"549",1,0,0,0.549333333969116,1,3,36,2
"550",1,0,1,0.549333333969116,3,2,36,2
"551",0,0,1,0.467000007629395,2,4,40,1
"552",0,0,1,0.510999977588654,2,4,33,1
"553",1,0,1,0.521333336830139,3,2,39,1
"554",1,0,1,0.521333336830139,1,2,39,1
"555",0,0,0,0.521000027656555,2,2,50,2
"556",0,0,1,0.521000027656555,2,4,50,2
"557",0,0,0,0.549333333969116,1,2,36,2
"558",0,0,0,0.564000010490417,2,2,7,1
"559",1,0,1,0.614666640758514,4,1,17,2
"560",0,0,0,0.549333333969116,2,3,36,2
"561",1,0,0,0.521000027656555,2,4,50,2
"562",1,0,1,0.549333333969116,2,2,36,2
"563",1,0,0,0.477999985218048,4,4,22,1
"564",0,1,1,0.510999977588654,2,4,33,1
"565",1,0,1,0.521000027656555,1,4,50,2
"566",1,0,1,0.533666670322418,1,2,14,2
"567",1,0,1,0.554666697978973,1,4,23,2
"568",1,0,0,0.467000007629395,2,1,40,1
"569",1,0,0,0.614666640758514,2,3,17,2
"570",1,0,0,0.549333333969116,2,2,36,2
"571",1,0,0,0.477999985218048,2,4,22,1
"572",1,0,0,0.614666640758514,2,3,17,2
"573",0,0,1,0.521333336830139,4,2,39,1
"574",1,0,0,0.529333353042603,2,4,26,2
"575",0,1,1,0.537999987602234,3,2,19,3
"576",0,0,1,0.533666670322418,1,4,14,2
"577",1,0,0,0.549333333969116,3,2,36,2
"578",0,0,0,0.521000027656555,1,2,50,2
"579",0,0,1,0.533666670322418,2,2,14,2
"580",0,0,1,0.471333354711533,2,2,24,2
"581",0,0,1,0.521000027656555,2,2,50,2
"582",0,0,1,0.510999977588654,2,2,33,1
"583",1,0,0,0.471333354711533,1,2,24,2
"584",0,1,1,0.554666697978973,3,1,23,2
"585",1,0,1,0.586333334445953,2,2,15,2
"586",0,0,0,0.677333354949951,2,4,28,2
"587",0,0,0,0.549333333969116,2,4,36,2
"588",1,0,0,0.566999971866608,2,2,47,3
"589",0,0,0,0.510999977588654,2,4,33,1
"590",1,0,0,0.569666624069214,3,2,10,3
"591",0,0,0,0.506333351135254,3,4,43,3
"592",1,0,0,0.521000027656555,3,2,50,2
"593",1,0,0,0.549333333969116,3,1,36,2
"594",1,0,1,0.549333333969116,1,2,36,2
"595",1,0,0,0.521333336830139,1,3,39,1
"596",1,0,0,0.569666624069214,4,3,10,3
"597",1,0,1,0.566999971866608,4,4,47,3
"598",0,1,1,0.549333333969116,2,4,36,2
"599",1,0,1,0.529333353042603,3,3,26,2
"600",1,0,1,0.566999971866608,4,2,47,3
"601",1,0,1,0.524333357810974,3,2,18,3
"602",1,0,1,0.524999976158142,2,2,34,3
"603",0,0,0,0.510999977588654,3,4,33,1
"604",1,0,0,0.554666697978973,1,3,23,2
"605",1,0,1,0.533666670322418,2,2,14,2
"606",0,0,0,0.522666692733765,3,2,16,2
"607",0,1,1,0.540333330631256,4,1,25,3
"608",1,0,1,0.569666624069214,1,4,10,3
"609",0,0,0,0.488333344459534,2,4,4,3
"610",0,0,1,0.561333358287811,2,3,44,3
"611",0,0,1,0.483666658401489,2,2,49,1
"612",0,0,1,0.561333358287811,2,4,44,3
"613",1,0,0,0.483666658401489,3,3,49,1
"614",1,0,1,0.677333354949951,1,3,28,2
"615",0,0,1,0.510999977588654,1,1,33,1
"616",0,0,1,0.510999977588654,3,2,33,1
"617",1,0,1,0.569666624069214,4,4,10,3
"618",1,0,1,0.561333358287811,2,4,44,3
"619",1,0,0,0.471333354711533,2,2,24,2
"620",1,1,1,0.529333353042603,1,2,26,2
"621",0,1,0,0.451333343982697,1,1,11,3
"622",1,0,1,0.537999987602234,1,4,19,3
"623",0,1,1,0.152999997138977,4,2,9,5
"624",0,0,1,0.569666624069214,2,2,10,3
"625",0,0,0,0.521000027656555,1,3,50,2
"626",1,0,1,0.561333358287811,4,4,44,3
"627",0,1,0,0.561333358287811,2,3,44,3
"628",0,0,1,0.561333358287811,3,2,44,3
"629",0,0,0,0.521333336830139,1,2,39,1
"630",1,0,1,0.561333358287811,1,2,44,3
"631",1,0,0,0.566999971866608,4,2,47,3
"632",0,1,0,0.524999976158142,4,2,34,3
"633",1,0,0,0.561333358287811,3,2,44,3
"634",1,0,0,0.533666670322418,2,4,14,2
"635",0,0,1,0.524999976158142,4,2,34,3
"636",1,0,1,0.506333351135254,2,4,43,3
"637",1,0,0,0.521000027656555,3,2,50,2
"638",1,1,0,0.524333357810974,2,2,18,3
"639",1,0,0,0.524999976158142,3,2,34,3
"640",1,0,0,0.677333354949951,3,2,28,2
"641",1,0,0,0.561333358287811,4,3,44,3
"642",1,0,0,0.517333328723907,2,4,1,3
"643",0,1,1,0.566999971866608,3,4,47,3
"644",0,1,1,0.566999971866608,1,3,47,3
"645",1,0,1,0.569666624069214,1,3,10,3
"646",0,0,1,0.517333328723907,4,4,1,3
"647",0,0,1,0.524333357810974,4,1,18,3
"648",0,0,1,0.562000036239624,3,3,5,4
"649",0,0,1,0.561333358287811,2,2,44,3
"650",1,0,1,0.61300003528595,3,3,6,4
"651",1,0,1,0.488333344459534,4,2,4,3
"652",0,0,0,0.562000036239624,1,2,5,4
"653",1,0,1,0.561333358287811,4,4,44,3
"654",1,0,1,0.61300003528595,1,3,6,4
"655",0,0,0,0.569666624069214,3,2,10,3
"656",1,0,0,0.561333358287811,1,4,44,3
"657",1,0,1,0.646333336830139,3,2,3,4
"658",0,0,1,0.562000036239624,3,3,5,4
"659",0,0,0,0.451333343982697,2,4,11,3
"660",1,1,1,0.517333328723907,1,3,1,3
"661",1,0,1,0.569666624069214,4,2,10,3
"662",1,0,0,0.524999976158142,4,2,34,3
"663",1,0,0,0.571333348751068,3,2,32,4
"664",1,0,1,0.571333348751068,3,4,32,4
"665",1,0,1,0.562000036239624,2,2,5,4
"666",1,1,0,0.451333343982697,1,3,11,3
"667",0,0,1,0.539333343505859,3,1,38,4
"668",0,0,0,0.608666658401489,1,2,37,3
"669",0,0,1,0.471333354711533,2,3,24,2
"670",0,0,1,0.525333285331726,1,2,41,3
"671",0,0,1,0.571333348751068,2,4,32,4
"672",1,0,1,0.562000036239624,2,4,5,4
"673",1,0,1,0.562000036239624,2,4,5,4
"674",1,0,1,0.483666658401489,4,1,49,1
"675",1,0,0,0.521000027656555,2,2,50,2
"676",1,0,0,0.552333295345306,3,1,48,4
"677",0,0,1,0.517333328723907,2,3,1,3
"678",1,0,1,0.540333330631256,3,3,25,3
"679",1,0,1,0.506333351135254,3,3,43,3
"680",0,0,1,0.562000036239624,3,1,5,4
"681",1,0,0,0.552333295345306,4,2,48,4
"682",1,0,1,0.562000036239624,1,2,5,4
"683",1,0,0,0.562000036239624,1,3,5,4
"684",1,0,0,0.451333343982697,2,1,11,3
"685",0,0,1,0.646333336830139,4,4,3,4
"686",1,0,0,0.562000036239624,3,4,5,4
"687",0,0,1,0.562000036239624,2,4,5,4
"688",1,0,1,0.608666658401489,3,2,37,3
"689",0,0,1,0.631666660308838,3,2,29,4
"690",1,0,1,0.524333357810974,3,2,18,3
"691",1,0,0,0.61300003528595,2,4,6,4
"692",1,0,1,0.562000036239624,3,1,5,4
"693",0,0,1,0.522666692733765,3,1,16,2
"694",1,0,0,0.566999971866608,1,3,47,3
"695",1,0,1,0.561333358287811,2,1,44,3
"696",1,0,1,0.564000010490417,2,4,7,1
"697",0,0,0,0.562000036239624,4,1,5,4
"698",0,0,0,0.493999987840652,2,2,21,1
"699",0,0,1,0.561333358287811,4,2,44,3
"700",0,0,1,0.510999977588654,2,4,33,1
"701",0,0,1,0.539333343505859,2,3,38,4
"702",0,0,0,0.562000036239624,2,4,5,4
"703",0,1,1,0.569666624069214,2,3,10,3
"704",1,0,1,0.561333358287811,2,4,44,3
"705",0,0,0,0.646333336830139,1,3,3,4
"706",1,0,1,0.521333336830139,4,3,39,1
"707",1,0,1,0.562000036239624,2,3,5,4
"708",1,0,1,0.549333333969116,2,2,36,2
"709",1,1,0,0.510999977588654,1,2,33,1
"710",0,0,1,0.554666697978973,2,2,23,2
"711",1,0,1,0.524999976158142,3,2,34,3
"712",0,0,0,0.539333343505859,2,4,38,4
"713",0,0,1,0.586333334445953,1,2,15,2
"714",1,0,1,0.524999976158142,2,2,34,3
"715",0,0,0,0.554666697978973,1,2,23,2
"716",0,0,1,0.521333336830139,2,2,39,1
"717",0,1,0,0.510999977588654,2,4,33,1
"718",0,0,0,0.549333333969116,1,3,36,2
"719",1,0,0,0.608666658401489,3,1,37,3
"720",1,0,1,0.510999977588654,2,4,33,1
"721",1,0,0,0.552333295345306,2,4,48,4
"722",0,0,1,0.554666697978973,4,4,23,2
"723",1,0,0,0.524999976158142,3,1,34,3
"724",1,0,0,0.554666697978973,1,4,23,2
"725",1,0,1,0.533666670322418,3,2,14,2
"726",1,0,1,0.564000010490417,1,4,7,1
"727",0,0,0,0.521333336830139,3,2,39,1
"728",1,0,0,0.554666697978973,1,4,23,2
"729",0,0,1,0.561333358287811,4,4,44,3
"730",1,0,1,0.451333343982697,3,1,11,3
"731",1,0,1,0.569666624069214,3,2,10,3
"732",1,0,0,0.569666624069214,1,3,10,3
"733",1,0,1,0.614666640758514,2,2,17,2
"734",1,0,1,0.493999987840652,2,2,21,1
"735",1,0,1,0.614666640758514,1,4,17,2
"736",1,0,1,0.554666697978973,4,2,23,2
"737",1,0,0,0.533666670322418,2,4,14,2
"738",0,0,0,0.540333330631256,2,4,25,3
"739",0,0,1,0.528333365917206,1,4,8,1
"740",0,0,1,0.569666624069214,1,2,10,3
"741",0,0,0,0.569666624069214,3,2,10,3
"742",0,0,0,0.562000036239624,1,4,5,4
"743",0,0,0,0.510999977588654,1,3,33,1
"744",1,0,1,0.477999985218048,2,3,22,1
"745",1,0,1,0.569666624069214,2,3,10,3
"746",1,0,0,0.537999987602234,3,2,19,3
"747",1,0,0,0.646333336830139,1,4,3,4
"748",0,0,0,0.566999971866608,2,4,47,3
"749",0,0,1,0.539333343505859,2,2,38,4
"750",1,0,1,0.524333357810974,2,4,18,3
"751",1,0,1,0.525333285331726,3,2,41,3
"752",1,0,1,0.521000027656555,3,2,50,2
"753",1,0,1,0.571333348751068,3,4,32,4
"754",1,1,1,0.566999971866608,3,2,47,3
"755",1,0,0,0.540333330631256,1,4,25,3
"756",0,0,1,0.691666662693024,3,1,13,4
"757",0,0,1,0.554666697978973,4,1,23,2
"758",0,0,0,0.549333333969116,1,4,36,2
"759",1,0,0,0.561333358287811,2,4,44,3
"760",1,0,0,0.510999977588654,1,1,33,1
"761",1,0,0,0.477999985218048,2,3,22,1
"762",1,0,1,0.451333343982697,3,4,11,3
"763",0,0,0,0.552333295345306,2,2,48,4
"764",1,0,1,0.586333334445953,3,2,15,2
"765",1,0,0,0.61300003528595,1,3,6,4
"766",1,0,0,0.549333333969116,2,3,36,2
"767",0,0,0,0.451333343982697,2,3,11,3
"768",0,0,0,0.562000036239624,1,2,5,4
"769",1,0,1,0.561333358287811,2,4,44,3
"770",0,0,1,0.562000036239624,2,2,5,4
"771",0,0,1,0.533666670322418,2,3,14,2
"772",0,0,0,0.510999977588654,2,2,33,1
"773",1,0,1,0.562000036239624,2,2,5,4
"774",0,0,1,0.566999971866608,1,4,47,3
"775",0,0,1,0.61300003528595,4,3,6,4
"776",1,0,1,0.549333333969116,1,4,36,2
"777",0,1,1,0.561333358287811,3,2,44,3
"778",0,0,0,0.569666624069214,2,4,10,3
"779",0,0,1,0.510999977588654,3,4,33,1
"780",0,0,1,0.483666658401489,3,3,49,1
"781",0,0,0,0.521333336830139,2,4,39,1
"782",0,1,1,0.608666658401489,2,2,37,3
"783",1,0,1,0.506333351135254,4,2,43,3
"784",0,0,0,0.471333354711533,3,2,24,2
"785",0,1,0,0.537999987602234,3,1,19,3
"786",1,0,1,0.524333357810974,3,3,18,3
"787",1,0,0,0.529333353042603,3,3,26,2
"788",1,0,0,0.471333354711533,2,2,24,2
"789",0,0,1,0.510999977588654,3,3,33,1
"790",1,0,1,0.521333336830139,1,3,39,1
"791",1,1,1,0.510999977588654,2,2,33,1
"792",1,0,1,0.524999976158142,3,1,34,3
"793",1,0,1,0.566999971866608,1,2,47,3
"794",1,0,0,0.510999977588654,1,2,33,1
"795",1,0,0,0.646333336830139,2,4,3,4
"796",0,1,1,0.451333343982697,1,4,11,3
"797",1,0,1,0.562000036239624,2,2,5,4
"798",1,0,1,0.525333285331726,3,1,41,3
"799",1,0,1,0.506333351135254,1,2,43,3
"800",0,0,1,0.510999977588654,2,3,33,1
"801",1,0,0,0.477999985218048,2,3,22,1
"802",1,0,1,0.563333332538605,1,4,31,1
"803",1,0,0,0.506333351135254,3,3,43,3
"804",1,0,1,0.569666624069214,3,2,10,3
"805",1,1,1,0.506333351135254,1,2,43,3
"806",1,0,0,0.451333343982697,2,2,11,3
"807",0,0,1,0.61300003528595,1,3,6,4
"808",0,1,1,0.510999977588654,1,3,33,1
"809",0,0,1,0.537999987602234,1,4,19,3
"810",1,0,0,0.638999998569489,1,2,30,1
"811",1,0,0,0.525333285331726,2,2,41,3
"812",1,0,1,0.549333333969116,2,2,36,2
"813",1,0,0,0.521333336830139,3,2,39,1
"814",0,0,0,0.544666647911072,2,2,20,1
"815",0,0,1,0.524999976158142,3,2,34,3
"816",0,0,1,0.533666670322418,3,2,14,2
"817",0,0,0,0.61300003528595,2,4,6,4
"818",1,0,0,0.533666670322418,3,4,14,2
"819",0,0,1,0.552333295345306,1,3,48,4
"820",1,0,1,0.562000036239624,2,2,5,4
"821",1,0,0,0.506333351135254,2,3,43,3
"822",1,0,0,0.451333343982697,2,3,11,3
"823",1,0,0,0.554666697978973,3,4,23,2
"824",1,1,1,0.563333332538605,1,2,31,1
"825",0,0,0,0.477999985218048,1,4,22,1
"826",0,0,0,0.562000036239624,2,2,5,4
"827",1,0,1,0.562000036239624,2,4,5,4
"828",1,0,0,0.569666624069214,2,3,10,3
"829",1,0,0,0.561333358287811,1,3,44,3
"830",0,0,0,0.521333336830139,1,4,39,1
"831",0,0,0,0.510999977588654,4,2,33,1
"832",1,0,1,0.525333285331726,4,3,41,3
"833",0,0,0,0.554666697978973,1,4,23,2
"834",0,0,0,0.566999971866608,2,4,47,3
"835",1,0,1,0.521333336830139,3,3,39,1
"836",1,0,1,0.524333357810974,3,2,18,3
"837",1,0,0,0.521333336830139,1,2,39,1
"838",0,1,1,0.510999977588654,1,3,33,1
"839",0,0,1,0.525333285331726,2,4,41,3
"840",0,0,0,0.566999971866608,1,3,47,3
"841",1,0,0,0.562000036239624,2,1,5,4
"842",1,0,1,0.646333336830139,2,2,3,4
"843",1,0,0,0.632333338260651,2,4,35,2
"844",1,0,1,0.510999977588654,2,3,33,1
"845",1,0,0,0.524333357810974,2,4,18,3
"846",1,0,1,0.562000036239624,2,3,5,4
"847",1,0,1,0.569666624069214,2,3,10,3
"848",1,0,0,0.569666624069214,2,3,10,3
"849",1,0,1,0.517333328723907,2,4,1,3
"850",1,0,0,0.549333333969116,3,4,36,2
"851",0,0,1,0.561333358287811,2,4,44,3
"852",0,0,0,0.561333358287811,3,2,44,3
"853",0,0,1,0.539333343505859,1,1,38,4
"854",0,0,1,0.510999977588654,2,4,33,1
"855",0,0,1,0.562000036239624,4,2,5,4
"856",0,1,1,0.561333358287811,2,3,44,3
"857",0,0,0,0.552333295345306,1,2,48,4
"858",0,1,1,0.525333285331726,2,3,41,3
"859",0,0,1,0.510999977588654,2,4,33,1
"860",0,0,0,0.522666692733765,2,2,16,2
"861",0,0,1,0.562000036239624,1,2,5,4
"862",0,0,1,0.561333358287811,2,3,44,3
"863",0,0,1,0.569666624069214,1,3,10,3
"864",1,0,0,0.521333336830139,1,2,39,1
"865",1,0,0,0.569666624069214,2,4,10,3
"866",1,0,0,0.510999977588654,2,4,33,1
"867",0,0,0,0.569666624069214,3,2,10,3
"868",1,0,0,0.517333328723907,1,2,1,3
"869",1,0,1,0.525333285331726,3,1,41,3
"870",1,0,0,0.563333332538605,2,4,31,1
"871",0,0,1,0.506333351135254,2,2,43,3
"872",1,0,1,0.506333351135254,2,1,43,3
"873",0,0,0,0.549333333969116,2,3,36,2
"874",0,0,1,0.510999977588654,1,1,33,1
"875",1,0,0,0.586333334445953,2,2,15,2
"876",1,0,1,0.561333358287811,2,2,44,3
"877",1,0,0,0.549333333969116,1,2,36,2
"878",1,0,0,0.569666624069214,3,2,10,3
"879",0,0,0,0.467000007629395,3,3,40,1
"880",0,0,1,0.506333351135254,4,1,43,3
"881",1,0,0,0.562000036239624,2,4,5,4
"882",0,0,1,0.562000036239624,4,3,5,4
"883",0,0,1,0.517333328723907,2,3,1,3
"884",1,0,0,0.467000007629395,1,3,40,1
"885",1,0,1,0.569666624069214,4,2,10,3
"886",0,0,1,0.533666670322418,2,4,14,2
"887",1,0,1,0.552333295345306,2,3,48,4
"888",1,0,1,0.521333336830139,1,2,39,1
"889",0,0,1,0.563333332538605,3,4,31,1
"890",0,0,0,0.483666658401489,2,3,49,1
"891",1,0,0,0.561333358287811,3,3,44,3
"892",0,1,0,0.451333343982697,2,2,11,3
"893",1,0,0,0.549333333969116,2,4,36,2
"894",0,0,1,0.533666670322418,2,1,14,2
"895",0,0,1,0.569666624069214,4,2,10,3
"896",0,0,0,0.562000036239624,2,4,5,4
"897",0,1,0,0.510999977588654,1,4,33,1
"898",0,0,1,0.533666670322418,1,4,14,2
"899",0,0,0,0.477999985218048,2,2,22,1
"900",0,0,1,0.510999977588654,2,2,33,1
"901",1,0,0,0.564000010490417,2,4,7,1
"902",0,1,1,0.554666697978973,1,2,23,2
"903",1,0,1,0.451333343982697,1,2,11,3
"904",1,0,1,0.510999977588654,4,2,33,1
"905",0,0,0,0.549333333969116,3,3,36,2
"906",0,0,0,0.477999985218048,1,1,22,1
"907",0,0,1,0.533666670322418,2,2,14,2
"908",0,0,1,0.554666697978973,3,3,23,2
"909",1,0,1,0.451333343982697,2,1,11,3
"910",1,0,1,0.561333358287811,1,3,44,3
"911",1,0,1,0.549333333969116,1,2,36,2
"912",0,0,1,0.563333332538605,2,3,31,1
"913",1,0,1,0.549333333969116,3,3,36,2
"914",0,0,1,0.510999977588654,3,3,33,1
"915",0,0,1,0.510999977588654,4,4,33,1
"916",0,0,1,0.562000036239624,3,4,5,4
"917",0,0,0,0.493999987840652,2,2,21,1
"918",1,0,1,0.563333332538605,1,4,31,1
"919",0,1,1,0.554666697978973,2,3,23,2
"920",0,0,1,0.544666647911072,4,4,20,1
"921",0,1,1,0.561333358287811,1,3,44,3
"922",1,0,0,0.539333343505859,4,1,38,4
"923",0,0,0,0.564000010490417,3,2,7,1
"924",1,0,0,0.61300003528595,3,4,6,4
"925",0,0,0,0.562000036239624,4,1,5,4
"926",1,0,1,0.517333328723907,4,2,1,3
"927",0,0,1,0.562000036239624,2,3,5,4
"928",0,0,1,0.561333358287811,2,2,44,3
"929",0,0,1,0.521333336830139,3,4,39,1
"930",1,0,0,0.563333332538605,1,2,31,1
"931",1,0,0,0.477999985218048,1,4,22,1
"932",0,0,1,0.563333332538605,2,4,31,1
"933",0,0,0,0.522666692733765,2,4,16,2
"934",0,0,1,0.569666624069214,4,1,10,3
"935",0,1,1,0.61300003528595,3,4,6,4
"936",0,0,1,0.608666658401489,2,1,37,3
"937",1,0,1,0.533666670322418,4,2,14,2
"938",1,0,1,0.562000036239624,2,2,5,4
"939",1,0,0,0.552333295345306,4,2,48,4
"940",1,0,1,0.608666658401489,1,3,37,3
"941",1,0,1,0.549333333969116,3,3,36,2
"942",0,1,0,0.493999987840652,3,2,21,1
"943",1,0,1,0.562000036239624,2,3,5,4
"944",0,0,1,0.562000036239624,4,1,5,4
"945",0,0,0,0.493999987840652,1,3,21,1
"946",0,0,0,0.562000036239624,3,4,5,4
"947",1,0,1,0.561333358287811,2,2,44,3
"948",1,0,1,0.539333343505859,3,2,38,4
"949",0,0,1,0.533666670322418,2,2,14,2
"950",0,0,0,0.569666624069214,1,4,10,3
"951",1,0,0,0.562000036239624,2,2,5,4
"952",0,1,1,0.569666624069214,4,1,10,3
"953",0,0,0,0.477999985218048,4,2,22,1
"954",1,0,0,0.477999985218048,2,4,22,1
"955",1,0,0,0.521333336830139,2,2,39,1
"956",0,0,1,0.524999976158142,2,2,34,3
"957",1,0,1,0.510999977588654,1,2,33,1
"958",1,0,1,0.521333336830139,1,4,39,1
"959",1,0,1,0.569666624069214,3,2,10,3
"960",0,0,0,0.510999977588654,3,4,33,1
"961",0,1,1,0.561333358287811,2,2,44,3
"962",0,1,1,0.540333330631256,3,1,25,3
"963",1,0,0,0.562000036239624,3,2,5,4
"964",1,0,0,0.552333295345306,3,4,48,4
"965",1,0,1,0.569666624069214,4,2,10,3
"966",1,0,1,0.549333333969116,4,1,36,2
"967",1,0,0,0.467000007629395,3,3,40,1
"968",1,0,1,0.646333336830139,3,3,3,4
"969",1,0,0,0.646333336830139,3,3,3,4
"970",1,0,0,0.549333333969116,2,2,36,2
"971",1,1,1,0.562000036239624,4,2,5,4
"972",1,0,0,0.524999976158142,2,4,34,3
"973",1,0,0,0.569666624069214,4,1,10,3
"974",1,0,0,0.537999987602234,3,2,19,3
"975",0,0,0,0.562000036239624,4,1,5,4
"976",1,0,1,0.471333354711533,2,3,24,2
"977",0,0,0,0.677333354949951,4,1,28,2
"978",0,0,1,0.517333328723907,4,1,1,3
"979",1,0,1,0.506333351135254,1,2,43,3
"980",0,0,0,0.539333343505859,4,1,38,4
"981",1,0,1,0.562000036239624,3,4,5,4
"982",1,0,1,0.562000036239624,3,4,5,4
"983",0,0,0,0.521333336830139,3,2,39,1
"984",1,0,1,0.510999977588654,2,4,33,1
"985",0,0,1,0.561333358287811,4,1,44,3
"986",1,0,1,0.524999976158142,3,2,34,3
"987",0,0,0,0.569666624069214,4,3,10,3
"988",0,1,1,0.566999971866608,2,4,47,3
"989",1,0,0,0.566999971866608,3,2,47,3
"990",0,0,0,0.562000036239624,2,3,5,4
"991",1,0,1,0.561333358287811,3,3,44,3
"992",1,0,1,0.537999987602234,4,3,19,3
"993",0,0,1,0.524333357810974,3,1,18,3
"994",0,0,1,0.549333333969116,3,2,36,2
"995",1,0,1,0.549333333969116,3,2,36,2
"996",0,0,0,0.524333357810974,1,2,18,3
"997",0,0,1,0.549333333969116,2,4,36,2
"998",0,0,1,0.569666624069214,4,1,10,3
"999",1,0,0,0.614666640758514,2,4,17,2
"1000",1,0,1,0.521333336830139,3,2,39,1
"1001",0,1,1,0.521333336830139,2,3,39,1
"1002",1,0,0,0.451333343982697,2,2,11,3
"1003",1,0,0,0.552333295345306,2,2,48,4
"1004",0,0,1,0.552333295345306,2,3,48,4
"1005",1,0,0,0.691666662693024,2,4,13,4
"1006",0,0,1,0.562000036239624,2,4,5,4
"1007",0,0,1,0.554666697978973,1,2,23,2
"1008",0,0,0,0.549333333969116,3,3,36,2
"1009",1,0,0,0.569666624069214,4,4,10,3
"1010",1,0,0,0.510999977588654,4,2,33,1
"1011",1,0,1,0.521000027656555,1,2,50,2
"1012",1,0,0,0.506333351135254,2,4,43,3
"1013",0,0,1,0.554666697978973,3,2,23,2
"1014",0,0,1,0.549333333969116,3,2,36,2
"1015",1,0,0,0.451333343982697,2,4,11,3
"1016",0,1,1,0.521000027656555,2,4,50,2
"1017",0,0,0,0.471333354711533,2,2,24,2
"1018",0,0,0,0.477999985218048,1,4,22,1
"1019",1,0,1,0.533666670322418,2,4,14,2
"1020",0,0,1,0.614666640758514,4,2,17,2
"1021",0,0,1,0.510999977588654,2,4,33,1
"1022",0,0,0,0.586333334445953,1,1,15,2
"1023",0,0,0,0.632333338260651,2,2,35,2
"1024",0,0,0,0.537999987602234,2,4,19,3
"1025",0,0,1,0.510999977588654,1,3,33,1
"1026",0,0,0,0.562000036239624,1,2,5,4
"1027",0,0,1,0.521000027656555,1,3,50,2
"1028",1,0,0,0.562000036239624,1,3,5,4
"1029",0,0,1,0.569666624069214,3,2,10,3
"1030",0,0,1,0.533666670322418,2,2,14,2
"1031",0,1,1,0.529333353042603,1,2,26,2
"1032",1,0,0,0.549333333969116,2,3,36,2
"1033",1,0,1,0.533666670322418,4,4,14,2
"1034",0,0,1,0.483666658401489,1,4,49,1
"1035",1,0,1,0.563333332538605,1,2,31,1
"1036",1,0,1,0.521333336830139,3,2,39,1
"1037",1,0,1,0.561333358287811,2,3,44,3
"1038",1,0,0,0.493999987840652,3,4,21,1
"1039",1,0,1,0.569666624069214,4,4,10,3
"1040",1,0,0,0.517333328723907,2,2,1,3
"1041",1,0,0,0.569666624069214,1,2,10,3
"1042",1,0,1,0.566999971866608,3,4,47,3
"1043",1,0,0,0.569666624069214,4,2,10,3
"1044",1,0,1,0.506333351135254,2,1,43,3
"1045",0,1,1,0.451333343982697,2,2,11,3
"1046",1,0,1,0.569666624069214,2,4,10,3
"1047",1,0,0,0.517333328723907,4,1,1,3
"1048",1,0,1,0.510999977588654,2,2,33,1
"1049",1,0,1,0.569666624069214,4,2,10,3
"1050",0,0,1,0.493999987840652,4,1,21,1
"1051",1,0,1,0.517333328723907,3,1,1,3
"1052",0,0,0,0.561333358287811,3,2,44,3
"1053",0,0,0,0.493999987840652,2,4,21,1
"1054",1,0,1,0.566999971866608,4,4,47,3
"1055",0,1,1,0.524999976158142,3,1,34,3
"1056",0,0,0,0.510999977588654,1,4,33,1
"1057",1,0,1,0.566999971866608,3,2,47,3
"1058",1,0,0,0.521333336830139,2,4,39,1
"1059",1,0,1,0.524333357810974,2,1,18,3
"1060",1,0,1,0.566999971866608,4,3,47,3
"1061",1,0,0,0.561333358287811,2,4,44,3
"1062",0,0,0,0.525333285331726,2,4,41,3
"1063",1,0,1,0.566999971866608,3,4,47,3
"1064",0,0,0,0.529333353042603,4,2,26,2
"1065",1,0,1,0.569666624069214,1,4,10,3
"1066",1,0,1,0.561333358287811,2,3,44,3
"1067",1,0,1,0.569666624069214,4,3,10,3
"1068",1,0,0,0.506333351135254,3,2,43,3
"1069",1,0,0,0.483666658401489,1,2,49,1
"1070",1,0,0,0.566999971866608,1,3,47,3
"1071",1,0,1,0.525333285331726,2,2,41,3
"1072",0,0,1,0.524333357810974,3,4,18,3
"1073",0,0,1,0.569666624069214,3,2,10,3
"1074",1,0,1,0.598666667938232,1,4,42,2
"1075",0,0,0,0.477999985218048,4,1,22,1
"1076",1,0,1,0.566999971866608,4,4,47,3
"1077",0,1,1,0.493999987840652,3,2,21,1
"1078",1,0,1,0.564000010490417,3,3,7,1
"1079",1,1,1,0.525333285331726,3,1,41,3
"1080",1,0,0,0.569666624069214,2,2,10,3
"1081",1,0,1,0.493999987840652,4,2,21,1
"1082",1,0,1,0.563333332538605,2,4,31,1
"1083",0,0,0,0.451333343982697,3,3,11,3
"1084",1,0,1,0.614666640758514,3,4,17,2
"1085",1,0,0,0.524999976158142,1,1,34,3
"1086",1,0,1,0.451333343982697,2,3,11,3
"1087",0,1,1,0.561333358287811,2,2,44,3
"1088",0,1,0,0.525333285331726,2,4,41,3
"1089",0,1,0,0.493999987840652,4,1,21,1
"1090",1,0,1,0.529333353042603,2,2,26,2
"1091",1,0,1,0.510999977588654,1,3,33,1
"1092",1,0,1,0.563333332538605,2,2,31,1
"1093",0,0,1,0.510999977588654,2,4,33,1
"1094",0,0,0,0.488333344459534,4,1,4,3
"1095",0,0,1,0.510999977588654,2,4,33,1
"1096",1,0,0,0.521000027656555,2,1,50,2
"1097",0,0,1,0.563333332538605,1,4,31,1
"1098",0,0,1,0.522666692733765,2,3,16,2
"1099",1,0,0,0.569666624069214,2,4,10,3
"1100",1,0,0,0.552333295345306,3,2,48,4
"1101",1,0,0,0.510999977588654,2,4,33,1
"1102",1,0,1,0.563333332538605,2,4,31,1
"1103",0,0,0,0.510999977588654,2,3,33,1
"1104",0,0,1,0.540333330631256,1,4,25,3
"1105",0,0,0,0.488333344459534,3,3,4,3
"1106",0,1,0,0.510999977588654,3,1,33,1
"1107",0,0,0,0.471333354711533,3,2,24,2
"1108",0,0,1,0.549333333969116,3,2,36,2
"1109",1,0,0,0.566999971866608,2,4,47,3
"1110",1,0,1,0.564000010490417,1,4,7,1
"1111",1,0,1,0.510999977588654,1,2,33,1
"1112",1,0,1,0.510999977588654,4,3,33,1
"1113",1,0,0,0.569666624069214,1,2,10,3
"1114",1,0,1,0.521000027656555,3,3,50,2
"1115",1,0,0,0.483666658401489,3,1,49,1
"1116",1,0,0,0.608666658401489,1,1,37,3
"1117",0,0,0,0.510999977588654,4,2,33,1
"1118",0,0,1,0.521333336830139,3,2,39,1
"1119",0,1,1,0.566999971866608,4,1,47,3
"1120",1,0,1,0.510999977588654,4,2,33,1
"1121",0,0,0,0.510999977588654,4,2,33,1
"1122",0,0,1,0.561333358287811,2,1,44,3
"1123",0,0,1,0.562000036239624,2,3,5,4
"1124",0,0,1,0.549333333969116,3,1,36,2
"1125",1,0,0,0.521333336830139,2,4,39,1
"1126",0,0,1,0.561333358287811,2,4,44,3
"1127",1,0,0,0.471333354711533,4,3,24,2
"1128",1,0,1,0.569666624069214,3,4,10,3
"1129",1,0,1,0.525333285331726,4,3,41,3
"1130",1,0,1,0.510999977588654,1,2,33,1
"1131",1,0,1,0.510999977588654,1,2,33,1
"1132",0,0,1,0.493999987840652,2,3,21,1
"1133",1,0,1,0.510999977588654,2,2,33,1
"1134",1,0,0,0.521000027656555,2,3,50,2
"1135",1,0,1,0.549333333969116,3,2,36,2
"1136",1,0,0,0.510999977588654,4,4,33,1
"1137",1,0,1,0.522666692733765,1,1,16,2
"1138",1,0,1,0.521333336830139,2,1,39,1
"1139",1,0,0,0.566999971866608,2,4,47,3
"1140",0,0,1,0.561333358287811,3,4,44,3
"1141",1,0,0,0.477999985218048,1,4,22,1
"1142",0,0,0,0.529333353042603,2,2,26,2
"1143",0,0,1,0.477999985218048,2,4,22,1
"1144",0,0,1,0.569666624069214,4,2,10,3
"1145",0,0,1,0.483666658401489,3,2,49,1
"1146",0,0,1,0.521000027656555,2,4,50,2
"1147",0,0,0,0.632333338260651,2,4,35,2
"1148",1,0,0,0.477999985218048,2,2,22,1
"1149",1,0,1,0.451333343982697,4,2,11,3
"1150",1,0,0,0.549333333969116,2,2,36,2
"1151",1,0,1,0.563333332538605,3,2,31,1
"1152",1,0,1,0.517333328723907,1,3,1,3
"1153",1,0,1,0.549333333969116,1,2,36,2
"1154",0,0,1,0.549333333969116,4,1,36,2
"1155",0,1,1,0.471333354711533,1,1,24,2
"1156",0,0,1,0.521000027656555,1,2,50,2
"1157",0,1,1,0.563333332538605,1,2,31,1
"1158",0,0,1,0.569666624069214,1,1,10,3
"1159",0,1,1,0.563333332538605,3,2,31,1
"1160",1,0,1,0.533666670322418,4,4,14,2
"1161",1,0,1,0.554666697978973,3,2,23,2
"1162",1,0,1,0.677333354949951,2,4,28,2
"1163",0,0,1,0.477999985218048,2,4,22,1
"1164",1,0,1,0.477999985218048,3,3,22,1
"1165",0,0,1,0.554666697978973,2,3,23,2
"1166",1,0,0,0.554666697978973,1,2,23,2
"1167",0,0,1,0.533666670322418,4,4,14,2
"1168",0,0,0,0.677333354949951,2,4,28,2
"1169",0,0,1,0.561333358287811,1,2,44,3
"1170",1,0,1,0.564000010490417,3,2,7,1
"1171",0,0,1,0.510999977588654,2,2,33,1
"1172",1,0,1,0.608666658401489,1,2,37,3
"1173",1,0,1,0.586333334445953,1,3,15,2
"1174",0,0,1,0.549333333969116,4,1,36,2
"1175",1,0,1,0.537999987602234,3,2,19,3
"1176",1,0,1,0.522666692733765,1,4,16,2
"1177",1,0,0,0.510999977588654,2,1,33,1
"1178",0,0,1,0.562000036239624,3,3,5,4
"1179",1,0,0,0.562000036239624,4,3,5,4
"1180",1,0,1,0.552333295345306,1,2,48,4
"1181",1,0,0,0.549333333969116,3,1,36,2
"1182",1,0,0,0.562000036239624,4,1,5,4
"1183",1,1,1,0.525333285331726,3,2,41,3
"1184",1,0,1,0.554666697978973,4,2,23,2
"1185",1,0,1,0.726999998092651,3,2,45,4
"1186",0,0,0,0.561333358287811,2,2,44,3
"1187",1,0,0,0.549333333969116,3,4,36,2
"1188",1,0,1,0.646333336830139,4,2,3,4
"1189",1,0,1,0.562000036239624,2,3,5,4
"1190",1,0,1,0.562000036239624,3,2,5,4
"1191",1,0,1,0.646333336830139,4,3,3,4
"1192",0,0,0,0.571333348751068,2,4,32,4
"1193",0,1,0,0.533666670322418,1,4,14,2
"1194",1,0,1,0.517333328723907,1,4,1,3
"1195",1,0,1,0.726999998092651,2,4,45,4
"1196",1,0,0,0.521000027656555,4,3,50,2
"1197",1,0,0,0.529333353042603,1,2,26,2
"1198",1,0,1,0.566999971866608,4,3,47,3
"1199",0,1,1,0.152999997138977,2,3,9,5
"1200",0,0,1,0.562000036239624,1,2,5,4
"1201",0,0,0,0.510999977588654,1,4,33,1
"1202",0,0,1,0.561333358287811,2,2,44,3
"1203",0,0,0,0.646333336830139,1,2,3,4
"1204",0,0,1,0.554666697978973,3,3,23,2
"1205",1,0,1,0.677333354949951,1,3,28,2
"1206",0,1,1,0.529333353042603,3,2,26,2
"1207",0,0,1,0.646333336830139,3,4,3,4
"1208",0,0,0,0.562000036239624,2,4,5,4
"1209",1,0,0,0.566999971866608,2,3,47,3
"1210",1,0,1,0.471333354711533,2,2,24,2
"1211",1,0,1,0.554666697978973,1,1,23,2
"1212",1,0,1,0.562000036239624,2,4,5,4
"1213",1,0,1,0.562000036239624,1,4,5,4
"1214",1,0,1,0.522666692733765,3,3,16,2
"1215",1,0,1,0.552333295345306,4,4,48,4
"1216",1,0,0,0.549333333969116,2,4,36,2
"1217",1,0,1,0.521333336830139,2,4,39,1
"1218",0,0,0,0.552333295345306,2,2,48,4
"1219",0,0,1,0.569666624069214,1,4,10,3
"1220",1,0,0,0.510999977588654,3,1,33,1
"1221",0,0,1,0.569666624069214,4,3,10,3
"1222",1,0,1,0.569666624069214,1,2,10,3
"1223",1,0,1,0.554666697978973,1,2,23,2
"1224",1,0,1,0.517333328723907,2,2,1,3
"1225",1,0,0,0.596000015735626,2,3,27,4
"1226",0,0,0,0.586333334445953,3,2,15,2
"1227",1,0,0,0.554666697978973,3,2,23,2
"1228",0,1,1,0.549333333969116,1,4,36,2
"1229",1,0,1,0.586333334445953,2,2,15,2
"1230",0,0,0,0.61300003528595,2,4,6,4
"1231",0,0,0,0.562000036239624,1,1,5,4
"1232",0,0,0,0.521333336830139,4,1,39,1
"1233",1,0,1,0.510999977588654,3,2,33,1
"1234",1,0,0,0.726999998092651,1,4,45,4
"1235",1,0,0,0.562000036239624,2,4,5,4
"1236",1,0,0,0.562000036239624,2,2,5,4
"1237",1,0,0,0.61300003528595,1,2,6,4
"1238",0,0,1,0.533666670322418,3,3,14,2
"1239",0,0,0,0.521000027656555,2,2,50,2
"1240",0,0,0,0.549333333969116,2,3,36,2
"1241",0,0,1,0.562000036239624,3,2,5,4
"1242",1,0,1,0.510999977588654,1,4,33,1
"1243",1,0,1,0.540333330631256,3,4,25,3
"1244",1,0,0,0.562000036239624,1,4,5,4
"1245",0,0,1,0.61300003528595,3,2,6,4
"1246",1,0,0,0.528333365917206,3,2,8,1
"1247",1,0,1,0.506333351135254,3,3,43,3
"1248",0,0,0,0.563333332538605,1,2,31,1
"1249",0,0,0,0.477999985218048,2,4,22,1
"1250",1,0,1,0.510999977588654,3,3,33,1
"1251",0,0,0,0.471333354711533,2,3,24,2
"1252",0,1,1,0.493999987840652,2,4,21,1
"1253",0,0,0,0.562000036239624,4,4,5,4
"1254",0,0,1,0.525333285331726,4,1,41,3
"1255",0,0,0,0.552333295345306,2,2,48,4
"1256",1,0,0,0.569666624069214,3,4,10,3
"1257",0,0,1,0.562000036239624,2,3,5,4
"1258",1,0,0,0.483666658401489,2,2,49,1
"1259",1,0,1,0.562000036239624,1,3,5,4
"1260",1,0,1,0.561333358287811,3,1,44,3
"1261",1,1,1,0.562000036239624,1,2,5,4
"1262",1,0,1,0.561333358287811,1,3,44,3
"1263",1,0,1,0.451333343982697,1,4,11,3
"1264",1,0,1,0.521333336830139,4,2,39,1
"1265",0,0,0,0.510999977588654,1,3,33,1
"1266",0,0,1,0.586333334445953,1,1,15,2
"1267",0,0,1,0.471333354711533,1,3,24,2
"1268",1,0,0,0.471333354711533,2,4,24,2
"1269",1,0,0,0.544666647911072,1,2,20,1
"1270",0,0,1,0.561333358287811,3,4,44,3
"1271",0,0,0,0.510999977588654,4,1,33,1
"1272",0,0,1,0.571333348751068,2,1,32,4
"1273",1,0,0,0.562000036239624,1,1,5,4
"1274",1,0,0,0.510999977588654,1,2,33,1
"1275",1,0,0,0.561333358287811,2,4,44,3
"1276",0,0,1,0.554666697978973,3,2,23,2
"1277",0,0,1,0.510999977588654,2,4,33,1
"1278",1,0,1,0.539333343505859,4,4,38,4
"1279",1,0,0,0.562000036239624,3,4,5,4
"1280",0,0,1,0.614666640758514,2,2,17,2
"1281",1,0,1,0.537999987602234,2,2,19,3
"1282",1,0,1,0.524999976158142,2,1,34,3
"1283",1,0,0,0.522666692733765,4,2,16,2
"1284",0,0,1,0.517333328723907,3,4,1,3
"1285",0,0,1,0.608666658401489,2,2,37,3
"1286",0,0,1,0.521333336830139,1,3,39,1
"1287",1,0,0,0.563333332538605,3,4,31,1
"1288",0,0,0,0.522666692733765,3,3,16,2
"1289",0,0,1,0.549333333969116,2,1,36,2
"1290",1,0,0,0.521333336830139,2,4,39,1
"1291",0,1,1,0.537999987602234,2,2,19,3
"1292",0,0,0,0.524333357810974,1,2,18,3
"1293",1,0,1,0.525333285331726,4,4,41,3
"1294",0,0,0,0.521333336830139,1,4,39,1
"1295",0,0,1,0.554666697978973,2,2,23,2
"1296",0,0,1,0.564000010490417,2,4,7,1
"1297",0,0,1,0.552333295345306,1,2,48,4
"1298",1,0,0,0.524999976158142,2,3,34,3
"1299",0,0,1,0.510999977588654,3,4,33,1
"1300",1,0,0,0.488333344459534,2,2,4,3
"1301",1,0,1,0.564000010490417,1,4,7,1
"1302",1,0,0,0.510999977588654,2,4,33,1
"1303",1,0,1,0.533666670322418,2,2,14,2
"1304",0,0,1,0.569666624069214,2,3,10,3
"1305",1,0,1,0.561333358287811,4,4,44,3
"1306",1,0,1,0.552333295345306,4,3,48,4
"1307",0,0,0,0.533666670322418,3,4,14,2
"1308",1,0,1,0.562000036239624,2,4,5,4
"1309",0,0,1,0.691666662693024,2,2,13,4
"1310",1,0,0,0.506333351135254,3,4,43,3
"1311",1,0,0,0.521333336830139,4,2,39,1
"1312",0,0,1,0.571333348751068,3,2,32,4
"1313",1,0,1,0.566999971866608,1,3,47,3
"1314",1,0,0,0.549333333969116,2,2,36,2
"1315",0,0,0,0.510999977588654,1,4,33,1
"1316",1,0,1,0.638999998569489,2,2,30,1
"1317",1,0,0,0.524333357810974,1,3,18,3
"1318",1,0,0,0.510999977588654,1,2,33,1
"1319",1,0,0,0.529333353042603,3,3,26,2
"1320",1,0,1,0.562000036239624,1,2,5,4
"1321",0,1,1,0.562000036239624,2,4,5,4
"1322",0,0,1,0.477999985218048,4,3,22,1
"1323",0,0,1,0.544666647911072,1,4,20,1
"1324",1,0,0,0.554666697978973,2,4,23,2
"1325",0,0,0,0.533666670322418,2,3,14,2
"1326",1,0,1,0.533666670322418,2,2,14,2
"1327",0,0,0,0.566999971866608,1,4,47,3
"1328",0,0,1,0.549333333969116,1,2,36,2
"1329",1,0,1,0.549333333969116,2,3,36,2
"1330",1,0,1,0.540333330631256,2,4,25,3
"1331",1,0,0,0.561333358287811,4,1,44,3
"1332",0,0,1,0.533666670322418,4,2,14,2
"1333",0,0,1,0.521333336830139,1,2,39,1
"1334",0,0,1,0.510999977588654,1,4,33,1
"1335",0,0,1,0.539333343505859,2,2,38,4
"1336",0,0,1,0.522666692733765,3,1,16,2
"1337",0,0,0,0.552333295345306,3,3,48,4
"1338",1,0,1,0.521000027656555,1,2,50,2
"1339",1,0,1,0.521333336830139,3,2,39,1
"1340",0,0,1,0.510999977588654,2,2,33,1
"1341",0,0,1,0.521000027656555,2,2,50,2
"1342",1,0,0,0.524999976158142,3,2,34,3
"1343",1,0,1,0.554666697978973,2,3,23,2
"1344",1,0,0,0.529333353042603,1,2,26,2
"1345",0,0,1,0.61300003528595,1,4,6,4
"1346",1,0,0,0.586333334445953,1,3,15,2
"1347",0,0,0,0.533666670322418,3,4,14,2
"1348",0,0,1,0.563333332538605,2,4,31,1
"1349",0,0,1,0.569666624069214,3,3,10,3
"1350",1,0,1,0.451333343982697,3,2,11,3
"1351",0,0,1,0.549333333969116,2,3,36,2
"1352",0,0,1,0.510999977588654,4,4,33,1
"1353",0,0,1,0.529333353042603,3,2,26,2
"1354",0,1,0,0.549333333969116,4,1,36,2
"1355",1,0,1,0.562000036239624,2,3,5,4
"1356",1,0,1,0.569666624069214,2,2,10,3
"1357",1,0,1,0.646333336830139,3,4,3,4
"1358",0,0,1,0.598666667938232,2,2,42,2
"1359",0,1,0,0.569666624069214,3,2,10,3
"1360",1,0,1,0.586333334445953,2,4,15,2
"1361",1,0,0,0.525333285331726,3,4,41,3
"1362",1,0,1,0.677333354949951,4,2,28,2
"1363",0,0,0,0.477999985218048,2,4,22,1
"1364",1,0,0,0.646333336830139,3,2,3,4
"1365",1,0,1,0.549333333969116,3,4,36,2
"1366",1,0,1,0.493999987840652,1,2,21,1
"1367",1,0,0,0.506333351135254,3,2,43,3
"1368",1,0,1,0.521333336830139,2,2,39,1
"1369",0,0,1,0.528333365917206,3,3,8,1
"1370",1,0,1,0.562000036239624,2,2,5,4
"1371",0,0,1,0.522666692733765,1,2,16,2
"1372",0,0,0,0.471333354711533,3,2,24,2
"1373",0,0,1,0.524999976158142,1,3,34,3
"1374",0,0,1,0.549333333969116,1,2,36,2
"1375",0,0,1,0.569666624069214,4,2,10,3
"1376",0,0,1,0.471333354711533,2,4,24,2
"1377",1,0,1,0.552333295345306,1,4,48,4
"1378",0,0,1,0.562000036239624,2,4,5,4
"1379",0,0,1,0.471333354711533,1,2,24,2
"1380",0,0,1,0.61300003528595,1,2,6,4
"1381",1,0,1,0.510999977588654,2,1,33,1
"1382",0,0,0,0.569666624069214,2,4,10,3
"1383",1,0,0,0.646333336830139,4,4,3,4
"1384",0,0,0,0.562000036239624,2,4,5,4
"1385",1,0,0,0.632333338260651,2,3,35,2
"1386",1,0,1,0.586333334445953,3,4,15,2
"1387",1,0,0,0.562000036239624,1,4,5,4
"1388",1,0,1,0.562000036239624,2,1,5,4
"1389",0,0,1,0.596000015735626,2,2,27,4
"1390",1,0,0,0.483666658401489,1,2,49,1
"1391",1,0,0,0.529333353042603,2,4,26,2
"1392",1,0,1,0.562000036239624,1,4,5,4
"1393",1,0,0,0.552333295345306,2,3,48,4
"1394",0,0,0,0.677333354949951,4,2,28,2
"1395",1,0,1,0.562000036239624,2,3,5,4
"1396",1,0,1,0.562000036239624,2,4,5,4
"1397",1,0,0,0.614666640758514,1,3,17,2
"1398",1,0,0,0.552333295345306,1,3,48,4
"1399",0,0,1,0.533666670322418,3,2,14,2
"1400",1,0,0,0.552333295345306,2,2,48,4
"1401",0,0,0,0.510999977588654,2,4,33,1
"1402",0,0,1,0.677333354949951,2,4,28,2
"1403",0,0,0,0.562000036239624,1,2,5,4
"1404",1,0,1,0.562000036239624,3,2,5,4
"1405",1,0,1,0.552333295345306,2,3,48,4
"1406",0,0,1,0.562000036239624,1,2,5,4
"1407",0,0,1,0.562000036239624,1,3,5,4
"1408",0,0,0,0.598666667938232,2,2,42,2
"1409",0,0,0,0.562000036239624,4,1,5,4
"1410",0,0,1,0.562000036239624,4,1,5,4
"1411",0,0,0,0.552333295345306,1,3,48,4
"1412",0,0,0,0.521000027656555,1,2,50,2
"1413",0,0,0,0.562000036239624,3,3,5,4
"1414",0,0,0,0.562000036239624,2,4,5,4
"1415",0,0,1,0.571333348751068,2,4,32,4
"1416",1,0,0,0.562000036239624,2,4,5,4
"1417",0,0,1,0.552333295345306,3,2,48,4
"1418",0,1,0,0.562000036239624,2,2,5,4
"1419",1,0,1,0.571333348751068,3,4,32,4
"1420",1,0,0,0.646333336830139,1,4,3,4
"1421",1,0,1,0.571333348751068,3,4,32,4
"1422",0,0,0,0.451333343982697,1,3,11,3
"1423",0,1,0,0.517333328723907,2,2,1,3
"1424",0,1,1,0.561333358287811,3,2,44,3
"1425",1,0,0,0.517333328723907,3,3,1,3
"1426",1,1,1,0.586333334445953,1,2,15,2
"1427",1,0,1,0.586333334445953,1,3,15,2
"1428",1,0,1,0.524999976158142,4,1,34,3
"1429",0,0,1,0.552333295345306,4,2,48,4
"1430",0,0,0,0.521333336830139,2,4,39,1
"1431",0,0,1,0.614666640758514,1,2,17,2
"1432",1,0,1,0.549333333969116,2,3,36,2
"1433",1,0,1,0.533666670322418,3,1,14,2
"1434",1,0,1,0.586333334445953,4,2,15,2
"1435",1,0,1,0.561333358287811,2,1,44,3
"1436",0,0,0,0.569666624069214,3,4,10,3
"1437",0,0,1,0.562000036239624,3,2,5,4
"1438",1,0,1,0.563333332538605,4,1,31,1
"1439",1,0,1,0.549333333969116,1,4,36,2
"1440",0,1,0,0.533666670322418,3,2,14,2
"1441",0,0,1,0.510999977588654,1,3,33,1
"1442",0,1,1,0.537999987602234,2,3,19,3
"1443",0,0,0,0.549333333969116,2,2,36,2
"1444",0,0,1,0.569666624069214,2,4,10,3
"1445",0,0,1,0.564000010490417,2,4,7,1
"1446",0,1,0,0.506333351135254,1,2,43,3
"1447",0,0,0,0.561333358287811,3,1,44,3
"1448",0,0,1,0.571333348751068,2,2,32,4
"1449",0,0,0,0.561333358287811,3,2,44,3
"1450",0,1,1,0.561333358287811,1,4,44,3
"1451",0,0,1,0.451333343982697,2,2,11,3
"1452",0,0,1,0.562000036239624,2,2,5,4
"1453",0,0,0,0.569666624069214,4,4,10,3
"1454",0,0,0,0.562000036239624,2,2,5,4
"1455",0,0,0,0.562000036239624,2,2,5,4
"1456",0,0,1,0.562000036239624,1,2,5,4
"1457",0,0,0,0.554666697978973,1,3,23,2
"1458",0,0,0,0.493999987840652,2,1,21,1
"1459",0,1,1,0.554666697978973,1,2,23,2
"1460",0,0,1,0.562000036239624,1,1,5,4
"1461",0,0,0,0.533666670322418,4,1,14,2
"1462",0,0,0,0.524999976158142,3,1,34,3
"1463",0,0,1,0.563333332538605,1,2,31,1
"1464",0,0,1,0.563333332538605,2,2,31,1
"1465",0,0,1,0.562000036239624,2,1,5,4
"1466",0,0,1,0.614666640758514,1,4,17,2
"1467",0,0,1,0.562000036239624,1,1,5,4
"1468",0,0,0,0.521333336830139,3,4,39,1
"1469",0,0,0,0.569666624069214,2,4,10,3
"1470",1,0,1,0.517333328723907,2,3,1,3
"1471",0,0,0,0.477999985218048,4,2,22,1
"1472",0,0,1,0.510999977588654,4,1,33,1
"1473",0,0,1,0.677333354949951,4,1,28,2
"1474",1,0,1,0.521333336830139,3,2,39,1
"1475",1,0,1,0.564000010490417,4,4,7,1
"1476",1,1,1,0.517333328723907,1,2,1,3
"1477",1,0,1,0.506333351135254,2,2,43,3
"1478",1,0,0,0.549333333969116,3,4,36,2
"1479",1,0,0,0.632333338260651,2,3,35,2
"1480",1,0,0,0.646333336830139,2,3,3,4
"1481",0,0,1,0.569666624069214,2,3,10,3
"1482",1,0,0,0.552333295345306,3,4,48,4
"1483",1,0,0,0.510999977588654,3,4,33,1
"1484",1,0,1,0.552333295345306,1,2,48,4
"1485",1,0,1,0.533666670322418,2,3,14,2
"1486",1,0,0,0.586333334445953,4,1,15,2
"1487",1,0,0,0.561333358287811,2,2,44,3
"1488",1,0,0,0.521333336830139,1,4,39,1
"1489",1,0,0,0.586333334445953,3,4,15,2
"1490",0,0,1,0.561333358287811,2,4,44,3
"1491",0,1,1,0.537999987602234,3,3,19,3
"1492",0,1,1,0.510999977588654,1,2,33,1
"1493",0,0,1,0.562000036239624,2,2,5,4
"1494",0,0,0,0.561333358287811,2,3,44,3
"1495",1,0,1,0.561333358287811,2,4,44,3
"1496",1,0,0,0.554666697978973,2,4,23,2
"1497",1,0,0,0.562000036239624,3,4,5,4
"1498",0,0,0,0.562000036239624,2,3,5,4
"1499",0,0,1,0.540333330631256,4,1,25,3
"1500",0,0,0,0.510999977588654,3,2,33,1
"1501",0,0,0,0.562000036239624,1,2,5,4
"1502",1,0,1,0.561333358287811,3,1,44,3
"1503",1,0,1,0.540333330631256,3,2,25,3
"1504",1,0,1,0.569666624069214,4,3,10,3
"1505",1,0,0,0.540333330631256,3,1,25,3
"1506",1,0,0,0.561333358287811,3,4,44,3
"1507",1,0,1,0.539333343505859,4,1,38,4
"1508",1,0,0,0.521000027656555,4,3,50,2
"1509",1,0,0,0.562000036239624,2,2,5,4
"1510",1,0,0,0.549333333969116,3,1,36,2
"1511",1,0,0,0.586333334445953,2,3,15,2
"1512",1,0,1,0.552333295345306,2,4,48,4
"1513",1,0,1,0.569666624069214,4,4,10,3
"1514",0,0,1,0.483666658401489,4,2,49,1
"1515",1,0,1,0.562000036239624,3,3,5,4
"1516",1,0,0,0.646333336830139,4,2,3,4
"1517",0,0,0,0.524999976158142,4,2,34,3
"1518",1,0,0,0.521000027656555,4,3,50,2
"1519",1,0,1,0.561333358287811,2,4,44,3
"1520",1,0,1,0.533666670322418,2,1,14,2
"1521",1,0,1,0.540333330631256,4,4,25,3
"1522",1,0,1,0.562000036239624,3,4,5,4
"1523",1,0,0,0.566999971866608,3,3,47,3
"1524",0,0,1,0.521333336830139,2,2,39,1
"1525",0,0,1,0.521333336830139,2,4,39,1
"1526",1,0,1,0.524999976158142,3,4,34,3
"1527",0,0,1,0.561333358287811,4,4,44,3
"1528",1,0,1,0.561333358287811,2,3,44,3
"1529",1,0,0,0.544666647911072,2,1,20,1
"1530",0,0,1,0.571333348751068,1,3,32,4
"1531",0,1,1,0.561333358287811,2,1,44,3
"1532",0,0,0,0.552333295345306,4,3,48,4
"1533",0,0,1,0.566999971866608,2,1,47,3
"1534",1,0,1,0.566999971866608,1,1,47,3
"1535",1,0,1,0.451333343982697,1,2,11,3
"1536",1,0,1,0.561333358287811,2,2,44,3
"1537",1,0,1,0.488333344459534,3,4,4,3
"1538",0,0,0,0.544666647911072,4,3,20,1
"1539",0,0,1,0.510999977588654,2,2,33,1
"1540",0,0,1,0.521333336830139,2,2,39,1
"1541",0,0,0,0.521333336830139,2,4,39,1
"1542",0,0,1,0.563333332538605,1,2,31,1
"1543",0,0,0,0.544666647911072,3,2,20,1
"1544",1,0,0,0.510999977588654,4,4,33,1
"1545",1,0,1,0.563333332538605,1,3,31,1
"1546",0,0,1,0.510999977588654,2,3,33,1
"1547",0,0,1,0.510999977588654,1,2,33,1
"1548",0,0,1,0.521333336830139,3,2,39,1
"1549",0,0,1,0.510999977588654,3,1,33,1
"1550",0,0,0,0.521333336830139,1,2,39,1
"1551",0,1,0,0.510999977588654,2,4,33,1
"1552",0,0,0,0.521333336830139,3,2,39,1
"1553",0,0,1,0.563333332538605,2,4,31,1
"1554",0,0,1,0.521333336830139,2,3,39,1
"1555",0,0,0,0.563333332538605,4,2,31,1
"1556",0,0,1,0.477999985218048,4,1,22,1
"1557",0,1,0,0.564000010490417,1,1,7,1
"1558",0,0,1,0.510999977588654,2,2,33,1
"1559",1,0,1,0.569666624069214,4,3,10,3
"1560",1,0,1,0.510999977588654,2,2,33,1
"1561",0,1,0,0.510999977588654,3,1,33,1
"1562",0,0,1,0.521333336830139,2,2,39,1
"1563",0,0,1,0.510999977588654,3,2,33,1
"1564",0,0,1,0.521333336830139,2,3,39,1
"1565",1,0,0,0.560999989509583,3,1,46,1
"1566",0,1,0,0.510999977588654,1,2,33,1
"1567",0,0,0,0.510999977588654,4,4,33,1
"1568",1,0,1,0.614666640758514,4,4,17,2
"1569",1,0,1,0.510999977588654,3,2,33,1
"1570",1,0,1,0.521333336830139,4,4,39,1
"1571",1,0,0,0.524333357810974,2,2,18,3
"1572",1,0,1,0.563333332538605,1,2,31,1
"1573",1,0,0,0.563333332538605,1,3,31,1
"1574",1,0,1,0.564000010490417,3,3,7,1
"1575",0,0,0,0.521333336830139,4,1,39,1
"1576",0,0,0,0.521333336830139,4,1,39,1
"1577",0,0,1,0.510999977588654,2,4,33,1
"1578",0,1,1,0.510999977588654,4,3,33,1
"1579",1,0,0,0.569666624069214,2,3,10,3
"1580",1,0,1,0.549333333969116,4,2,36,2
"1581",0,0,1,0.563333332538605,4,1,31,1
"1582",1,0,0,0.521333336830139,4,3,39,1
"1583",1,0,1,0.471333354711533,2,4,24,2
"1584",0,0,1,0.564000010490417,2,4,7,1
"1585",0,0,1,0.471333354711533,1,2,24,2
"1586",1,0,1,0.521333336830139,3,4,39,1
"1587",1,0,0,0.566999971866608,2,3,47,3
"1588",1,0,1,0.533666670322418,2,4,14,2
"1589",1,0,0,0.554666697978973,2,3,23,2
"1590",1,0,1,0.598666667938232,2,2,42,2
"1591",0,0,0,0.471333354711533,4,3,24,2
"1592",0,0,0,0.554666697978973,2,4,23,2
"1593",0,0,0,0.521000027656555,4,2,50,2
"1594",1,0,1,0.521333336830139,1,2,39,1
"1595",0,0,1,0.549333333969116,2,4,36,2
"1596",1,0,1,0.554666697978973,3,2,23,2
"1597",1,0,1,0.521333336830139,1,3,39,1
"1598",1,0,1,0.564000010490417,2,2,7,1
"1599",1,0,1,0.524999976158142,3,3,34,3
"1600",1,0,0,0.510999977588654,2,4,33,1
"1601",1,0,1,0.554666697978973,2,2,23,2
"1602",1,0,1,0.554666697978973,2,2,23,2
"1603",0,0,1,0.471333354711533,2,4,24,2
"1604",1,0,1,0.569666624069214,1,3,10,3
"1605",1,0,0,0.533666670322418,2,4,14,2
"1606",0,0,1,0.561333358287811,2,2,44,3
"1607",0,0,1,0.549333333969116,4,1,36,2
"1608",0,0,0,0.563333332538605,1,2,31,1
"1609",0,1,1,0.533666670322418,1,3,14,2
"1610",1,0,1,0.533666670322418,1,4,14,2
"1611",1,0,0,0.524999976158142,1,2,34,3
"1612",1,0,1,0.524999976158142,1,2,34,3
"1613",1,0,1,0.549333333969116,3,2,36,2
"1614",0,0,0,0.521000027656555,3,3,50,2
"1615",1,0,0,0.521333336830139,2,2,39,1
"1616",1,0,1,0.471333354711533,2,4,24,2
"1617",1,0,1,0.554666697978973,1,2,23,2
"1618",0,0,1,0.529333353042603,4,2,26,2
"1619",1,0,0,0.521000027656555,2,3,50,2
"1620",1,0,1,0.451333343982697,2,1,11,3
"1621",1,0,1,0.614666640758514,2,3,17,2
"1622",1,0,1,0.529333353042603,2,2,26,2
"1623",1,0,0,0.549333333969116,2,2,36,2
"1624",1,0,1,0.554666697978973,1,2,23,2
"1625",0,0,0,0.533666670322418,3,4,14,2
"1626",1,0,1,0.586333334445953,3,1,15,2
"1627",1,0,1,0.569666624069214,1,3,10,3
"1628",0,0,1,0.564000010490417,2,3,7,1
"1629",0,0,0,0.554666697978973,2,3,23,2
"1630",0,1,1,0.521000027656555,1,2,50,2
"1631",0,0,1,0.549333333969116,4,2,36,2
"1632",1,0,1,0.451333343982697,1,3,11,3
"1633",0,0,0,0.521000027656555,4,2,50,2
"1634",0,0,1,0.569666624069214,1,2,10,3
"1635",0,1,1,0.517333328723907,3,2,1,3
"1636",0,0,0,0.533666670322418,2,4,14,2
"1637",0,0,0,0.517333328723907,2,3,1,3
"1638",1,0,0,0.569666624069214,4,3,10,3
"1639",1,1,0,0.608666658401489,2,2,37,3
"1640",1,0,1,0.561333358287811,4,2,44,3
"1641",1,0,1,0.522666692733765,4,3,16,2
"1642",0,1,0,0.529333353042603,2,3,26,2
"1643",0,1,1,0.528333365917206,2,2,8,1
"1644",0,1,1,0.493999987840652,1,2,21,1
"1645",0,0,0,0.554666697978973,1,4,23,2
"1646",1,0,1,0.533666670322418,3,2,14,2
"1647",1,0,0,0.549333333969116,1,2,36,2
"1648",1,0,1,0.524999976158142,1,2,34,3
"1649",0,0,1,0.510999977588654,2,2,33,1
"1650",1,0,1,0.549333333969116,3,2,36,2
"1651",1,0,0,0.529333353042603,1,3,26,2
"1652",1,0,0,0.561333358287811,3,4,44,3
"1653",1,0,0,0.549333333969116,2,3,36,2
"1654",1,0,0,0.569666624069214,2,4,10,3
"1655",1,0,0,0.569666624069214,2,3,10,3
"1656",1,0,1,0.569666624069214,2,3,10,3
"1657",1,0,1,0.533666670322418,3,2,14,2
"1658",1,0,1,0.521000027656555,2,2,50,2
"1659",1,0,0,0.524333357810974,2,2,18,3
"1660",1,0,1,0.524999976158142,2,2,34,3
"1661",1,0,0,0.533666670322418,3,2,14,2
"1662",1,0,1,0.521000027656555,1,3,50,2
"1663",1,0,1,0.510999977588654,2,4,33,1
"1664",1,0,1,0.521333336830139,1,3,39,1
"1665",1,0,0,0.566999971866608,3,3,47,3
"1666",0,1,0,0.540333330631256,2,2,25,3
"1667",0,0,0,0.569666624069214,4,3,10,3
"1668",0,1,1,0.451333343982697,2,4,11,3
"1669",1,0,1,0.537999987602234,2,4,19,3
"1670",1,0,1,0.561333358287811,1,3,44,3
"1671",0,0,0,0.493999987840652,4,4,21,1
"1672",0,0,1,0.521000027656555,2,2,50,2
"1673",1,0,0,0.561333358287811,4,3,44,3
"1674",1,1,0,0.506333351135254,3,1,43,3
"1675",1,0,1,0.554666697978973,1,2,23,2
"1676",1,0,0,0.554666697978973,1,2,23,2
"1677",0,1,1,0.561333358287811,3,2,44,3
"1678",0,0,1,0.569666624069214,1,2,10,3
"1679",0,0,1,0.561333358287811,1,3,44,3
"1680",1,0,1,0.586333334445953,4,1,15,2
"1681",1,0,1,0.569666624069214,4,1,10,3
"1682",1,0,1,0.529333353042603,3,2,26,2
"1683",0,0,0,0.586333334445953,4,3,15,2
"1684",1,0,1,0.569666624069214,4,3,10,3
"1685",1,0,0,0.561333358287811,1,2,44,3
"1686",1,0,1,0.561333358287811,3,3,44,3
"1687",0,0,1,0.451333343982697,3,2,11,3
"1688",0,1,0,0.554666697978973,1,2,23,2
"1689",0,1,0,0.524999976158142,1,2,34,3
"1690",0,1,1,0.506333351135254,2,3,43,3
"1691",1,0,0,0.561333358287811,3,2,44,3
"1692",1,0,0,0.506333351135254,2,4,43,3
"1693",1,0,0,0.554666697978973,2,3,23,2
"1694",1,0,0,0.524333357810974,2,2,18,3
"1695",1,0,0,0.510999977588654,3,2,33,1
"1696",1,0,1,0.554666697978973,3,2,23,2
"1697",1,0,0,0.549333333969116,4,2,36,2
"1698",1,0,1,0.540333330631256,2,3,25,3
"1699",1,0,1,0.483666658401489,4,2,49,1
"1700",0,1,0,0.537999987602234,2,4,19,3
"1701",0,0,0,0.632333338260651,3,4,35,2
"1702",0,0,1,0.488333344459534,4,3,4,3
"1703",1,0,0,0.549333333969116,3,2,36,2
"1704",1,0,1,0.549333333969116,4,3,36,2
"1705",1,0,1,0.537999987602234,3,2,19,3
"1706",1,0,1,0.521333336830139,1,4,39,1
"1707",0,1,1,0.561333358287811,3,2,44,3
"1708",0,0,1,0.506333351135254,2,2,43,3
"1709",0,0,0,0.554666697978973,2,2,23,2
"1710",0,1,0,0.537999987602234,2,2,19,3
"1711",0,0,1,0.554666697978973,1,2,23,2
"1712",1,0,1,0.540333330631256,2,3,25,3
"1713",1,0,0,0.506333351135254,3,4,43,3
"1714",1,0,1,0.566999971866608,2,3,47,3
"1715",0,0,1,0.471333354711533,2,3,24,2
"1716",0,0,0,0.554666697978973,2,4,23,2
"1717",0,1,0,0.561333358287811,2,3,44,3
"1718",0,1,0,0.493999987840652,1,2,21,1
"1719",1,0,0,0.537999987602234,1,3,19,3
"1720",1,0,0,0.596000015735626,2,2,27,4
"1721",1,0,0,0.561333358287811,3,2,44,3
"1722",0,0,1,0.566999971866608,2,2,47,3
"1723",1,0,0,0.562000036239624,4,3,5,4
"1724",1,0,0,0.569666624069214,1,2,10,3
"1725",1,0,0,0.561333358287811,1,3,44,3
"1726",0,0,1,0.522666692733765,4,4,16,2
"1727",1,0,0,0.554666697978973,2,3,23,2
"1728",1,0,0,0.562000036239624,2,4,5,4
"1729",1,0,0,0.552333295345306,1,3,48,4
"1730",1,0,1,0.569666624069214,4,3,10,3
"1731",1,0,0,0.564000010490417,1,2,7,1
"1732",1,0,1,0.562000036239624,1,2,5,4
"1733",1,0,1,0.569666624069214,4,2,10,3
"1734",0,0,0,0.562000036239624,4,2,5,4
"1735",0,0,1,0.561333358287811,2,2,44,3
"1736",0,0,1,0.471333354711533,2,2,24,2
"1737",1,0,1,0.614666640758514,1,2,17,2
"1738",0,0,0,0.533666670322418,2,3,14,2
"1739",0,1,1,0.552333295345306,2,3,48,4
"1740",1,0,0,0.61300003528595,3,3,6,4
"1741",1,0,0,0.726999998092651,1,3,45,4
"1742",1,0,0,0.569666624069214,3,2,10,3
"1743",1,0,0,0.524333357810974,3,1,18,3
"1744",1,0,1,0.549333333969116,4,3,36,2
"1745",0,0,1,0.562000036239624,3,2,5,4
"1746",0,0,1,0.552333295345306,4,2,48,4
"1747",1,0,1,0.554666697978973,3,4,23,2
"1748",0,0,1,0.614666640758514,4,1,17,2
"1749",0,0,1,0.61300003528595,3,2,6,4
"1750",0,0,0,0.562000036239624,3,3,5,4
"1751",0,0,1,0.471333354711533,3,3,24,2
"1752",0,0,0,0.646333336830139,2,2,3,4
"1753",0,0,1,0.522666692733765,2,2,16,2
"1754",0,0,1,0.528333365917206,4,2,8,1
"1755",0,0,1,0.562000036239624,3,4,5,4
"1756",0,0,1,0.569666624069214,4,1,10,3
"1757",0,1,0,0.493999987840652,3,2,21,1
"1758",0,0,1,0.571333348751068,2,2,32,4
"1759",1,0,1,0.562000036239624,1,1,5,4
"1760",0,0,1,0.561333358287811,1,4,44,3
"1761",1,0,1,0.562000036239624,2,4,5,4
"1762",1,0,1,0.569666624069214,2,4,10,3
"1763",1,0,1,0.571333348751068,2,3,32,4
"1764",1,0,1,0.562000036239624,1,2,5,4
"1765",1,0,1,0.483666658401489,4,4,49,1
"1766",0,0,0,0.586333334445953,2,2,15,2
"1767",0,0,1,0.521000027656555,3,2,50,2
"1768",1,0,1,0.562000036239624,2,3,5,4
"1769",1,0,1,0.451333343982697,2,4,11,3
"1770",1,0,1,0.517333328723907,4,1,1,3
"1771",0,0,0,0.521000027656555,1,1,50,2
"1772",1,1,0,0.549333333969116,1,4,36,2
"1773",0,0,1,0.552333295345306,3,4,48,4
"1774",0,0,1,0.646333336830139,2,2,3,4
"1775",1,0,1,0.571333348751068,4,4,32,4
"1776",1,1,1,0.510999977588654,1,1,33,1
"1777",1,1,0,0.569666624069214,2,2,10,3
"1778",1,0,1,0.552333295345306,1,1,48,4
"1779",0,0,0,0.539333343505859,2,2,38,4
"1780",1,0,0,0.61300003528595,2,4,6,4
"1781",0,0,1,0.524333357810974,4,4,18,3
"1782",0,0,0,0.521333336830139,2,2,39,1
"1783",0,0,1,0.539333343505859,1,2,38,4
"1784",0,0,0,0.510999977588654,3,1,33,1
"1785",0,0,1,0.571333348751068,1,1,32,4
"1786",0,0,0,0.562000036239624,1,1,5,4
"1787",0,0,1,0.510999977588654,1,2,33,1
"1788",0,0,1,0.488333344459534,1,2,4,3
"1789",1,0,1,0.586333334445953,3,2,15,2
"1790",1,0,1,0.554666697978973,1,4,23,2
"1791",0,0,1,0.562000036239624,1,4,5,4
"1792",0,0,0,0.471333354711533,3,4,24,2
"1793",0,0,0,0.554666697978973,1,4,23,2
"1794",0,0,1,0.521333336830139,3,2,39,1
"1795",0,0,1,0.521000027656555,4,4,50,2
"1796",1,0,1,0.529333353042603,3,2,26,2
"1797",1,0,0,0.554666697978973,3,4,23,2
"1798",1,0,0,0.528333365917206,1,3,8,1
"1799",1,0,0,0.631666660308838,3,3,29,4
"1800",0,0,1,0.561333358287811,1,3,44,3
"1801",0,0,0,0.524333357810974,1,2,18,3
"1802",0,0,0,0.561333358287811,3,4,44,3
"1803",1,0,0,0.522666692733765,3,2,16,2
"1804",0,0,0,0.586333334445953,2,2,15,2
"1805",1,0,0,0.521000027656555,2,3,50,2
"1806",1,1,1,0.510999977588654,3,3,33,1
"1807",1,0,1,0.566999971866608,2,3,47,3
"1808",1,0,0,0.549333333969116,1,4,36,2
"1809",1,0,1,0.510999977588654,1,3,33,1
"1810",1,0,1,0.566999971866608,2,4,47,3
"1811",1,0,1,0.561333358287811,3,2,44,3
"1812",1,0,1,0.61300003528595,1,3,6,4
"1813",1,1,0,0.563333332538605,1,3,31,1
"1814",1,0,1,0.533666670322418,4,1,14,2
"1815",1,0,0,0.562000036239624,4,1,5,4
"1816",1,0,1,0.563333332538605,1,2,31,1
"1817",0,0,0,0.566999971866608,3,4,47,3
"1818",1,0,0,0.561333358287811,2,3,44,3
"1819",1,0,0,0.646333336830139,3,3,3,4
"1820",1,0,1,0.562000036239624,2,3,5,4
"1821",0,0,0,0.451333343982697,1,3,11,3
"1822",0,0,1,0.562000036239624,1,2,5,4
"1823",0,0,1,0.539333343505859,2,2,38,4
"1824",0,0,1,0.529333353042603,1,2,26,2
"1825",1,0,1,0.549333333969116,4,2,36,2
"1826",1,0,1,0.61300003528595,2,3,6,4
"1827",1,0,1,0.562000036239624,2,3,5,4
"1828",1,0,0,0.563333332538605,2,4,31,1
"1829",1,0,0,0.569666624069214,2,3,10,3
"1830",1,0,0,0.563333332538605,1,2,31,1
"1831",1,0,0,0.510999977588654,4,2,33,1
"1832",1,0,0,0.562000036239624,2,3,5,4
"1833",1,0,1,0.554666697978973,4,2,23,2
"1834",0,0,1,0.510999977588654,3,3,33,1
"1835",0,0,1,0.544666647911072,1,2,20,1
"1836",0,0,1,0.586333334445953,2,2,15,2
"1837",1,0,1,0.529333353042603,3,2,26,2
"1838",1,0,0,0.562000036239624,2,3,5,4
"1839",0,0,0,0.552333295345306,2,3,48,4
"1840",0,0,1,0.451333343982697,2,2,11,3
"1841",1,0,1,0.506333351135254,2,4,43,3
"1842",0,0,1,0.510999977588654,3,3,33,1
"1843",1,0,0,0.564000010490417,3,2,7,1
"1844",1,0,1,0.544666647911072,1,2,20,1
"1845",1,0,1,0.521333336830139,2,2,39,1
"1846",0,0,0,0.483666658401489,4,1,49,1
"1847",1,0,1,0.631666660308838,3,3,29,4
"1848",0,0,1,0.521333336830139,3,1,39,1
"1849",1,0,1,0.562000036239624,1,3,5,4
"1850",0,0,1,0.646333336830139,2,3,3,4
"1851",0,0,1,0.522666692733765,1,2,16,2
"1852",1,0,1,0.552333295345306,3,3,48,4
"1853",0,1,1,0.562000036239624,2,2,5,4
"1854",1,0,1,0.477999985218048,4,2,22,1
"1855",1,0,1,0.564000010490417,1,4,7,1
"1856",1,0,1,0.525333285331726,1,3,41,3
"1857",1,0,1,0.569666624069214,2,4,10,3
"1858",1,0,1,0.564000010490417,2,3,7,1
"1859",0,0,1,0.569666624069214,2,3,10,3
"1860",0,0,0,0.549333333969116,2,2,36,2
"1861",0,0,0,0.510999977588654,2,2,33,1
"1862",1,0,0,0.521333336830139,2,4,39,1
"1863",1,0,1,0.563333332538605,2,2,31,1
"1864",1,0,1,0.521000027656555,1,2,50,2
"1865",0,0,1,0.529333353042603,3,4,26,2
"1866",0,1,1,0.554666697978973,3,4,23,2
"1867",1,0,0,0.563333332538605,2,3,31,1
"1868",0,0,1,0.483666658401489,2,3,49,1
"1869",0,0,0,0.529333353042603,2,2,26,2
"1870",1,0,1,0.561333358287811,4,4,44,3
"1871",0,0,0,0.521000027656555,2,3,50,2
"1872",1,0,1,0.544666647911072,3,2,20,1
"1873",1,0,1,0.566999971866608,1,4,47,3
"1874",0,0,1,0.562000036239624,2,3,5,4
"1875",0,0,0,0.569666624069214,2,2,10,3
"1876",1,0,1,0.562000036239624,1,1,5,4
"1877",1,0,1,0.521333336830139,1,3,39,1
"1878",0,0,0,0.554666697978973,2,4,23,2
"1879",1,0,0,0.521000027656555,2,4,50,2
"1880",1,0,1,0.477999985218048,2,3,22,1
"1881",1,0,0,0.533666670322418,2,2,14,2
"1882",1,0,1,0.544666647911072,4,1,20,1
"1883",1,0,1,0.566999971866608,2,2,47,3
"1884",1,0,1,0.561333358287811,4,1,44,3
"1885",1,0,0,0.517333328723907,2,2,1,3
"1886",1,0,0,0.451333343982697,1,2,11,3
"1887",1,0,1,0.562000036239624,1,3,5,4
"1888",1,0,1,0.554666697978973,1,3,23,2
"1889",1,0,0,0.506333351135254,3,2,43,3
"1890",1,0,1,0.521333336830139,3,2,39,1
"1891",1,0,0,0.561333358287811,2,2,44,3
"1892",1,0,0,0.566999971866608,3,1,47,3
"1893",0,0,0,0.524999976158142,2,4,34,3
"1894",1,0,0,0.554666697978973,2,3,23,2
"1895",1,0,1,0.566999971866608,4,3,47,3
"1896",1,0,1,0.586333334445953,2,2,15,2
"1897",0,0,1,0.510999977588654,1,3,33,1
"1898",0,0,0,0.521333336830139,2,4,39,1
"1899",1,0,1,0.571333348751068,3,2,32,4
"1900",0,0,0,0.562000036239624,1,2,5,4
"1901",0,0,1,0.510999977588654,2,1,33,1
"1902",1,0,1,0.537999987602234,2,3,19,3
"1903",1,0,1,0.608666658401489,3,4,37,3
"1904",1,0,1,0.451333343982697,2,2,11,3
"1905",0,1,0,0.554666697978973,2,2,23,2
"1906",0,0,0,0.524333357810974,2,1,18,3
"1907",1,0,1,0.569666624069214,2,4,10,3
"1908",1,0,1,0.562000036239624,1,2,5,4
"1909",1,0,0,0.562000036239624,2,4,5,4
"1910",1,1,0,0.483666658401489,1,2,49,1
"1911",1,0,1,0.554666697978973,4,1,23,2
"1912",1,0,1,0.726999998092651,4,2,45,4
"1913",0,0,1,0.552333295345306,3,2,48,4
"1914",0,0,1,0.586333334445953,1,2,15,2
"1915",0,0,0,0.598666667938232,2,2,42,2
"1916",1,0,0,0.521333336830139,3,3,39,1
"1917",1,0,0,0.493999987840652,3,3,21,1
"1918",0,0,0,0.569666624069214,3,4,10,3
"1919",1,0,0,0.569666624069214,2,2,10,3
"1920",0,1,1,0.537999987602234,2,2,19,3
"1921",0,0,1,0.564000010490417,2,4,7,1
"1922",0,0,1,0.521333336830139,2,2,39,1
"1923",1,0,0,0.510999977588654,2,3,33,1
"1924",1,0,0,0.549333333969116,3,4,36,2
"1925",0,0,1,0.608666658401489,3,3,37,3
"1926",1,0,1,0.614666640758514,2,4,17,2
"1927",1,0,0,0.614666640758514,2,4,17,2
"1928",1,0,1,0.510999977588654,2,2,33,1
"1929",1,0,0,0.608666658401489,3,4,37,3
"1930",1,0,1,0.646333336830139,3,2,3,4
"1931",1,0,1,0.569666624069214,4,1,10,3
"1932",0,0,0,0.493999987840652,1,3,21,1
"1933",0,0,1,0.524999976158142,3,2,34,3
"1934",0,1,1,0.533666670322418,2,4,14,2
"1935",0,0,1,0.586333334445953,3,1,15,2
"1936",1,0,1,0.477999985218048,2,4,22,1
"1937",1,0,0,0.677333354949951,1,3,28,2
"1938",1,0,1,0.549333333969116,2,3,36,2
"1939",0,0,1,0.493999987840652,2,4,21,1
"1940",1,0,1,0.517333328723907,4,4,1,3
"1941",1,0,1,0.521333336830139,1,3,39,1
"1942",1,0,1,0.561333358287811,1,4,44,3
"1943",0,1,1,0.524999976158142,2,2,34,3
"1944",0,0,1,0.493999987840652,3,3,21,1
"1945",1,0,0,0.61300003528595,2,3,6,4
"1946",0,1,1,0.493999987840652,2,4,21,1
"1947",1,0,1,0.614666640758514,2,2,17,2
"1948",0,0,0,0.521333336830139,2,4,39,1
"1949",0,0,1,0.533666670322418,2,2,14,2
"1950",1,0,0,0.549333333969116,3,4,36,2
"1951",1,0,1,0.549333333969116,1,2,36,2
"1952",1,0,0,0.562000036239624,3,2,5,4
"1953",1,0,1,0.533666670322418,1,2,14,2
"1954",1,0,1,0.549333333969116,1,3,36,2
"1955",1,0,1,0.562000036239624,1,3,5,4
"1956",1,0,1,0.471333354711533,2,4,24,2
"1957",1,0,0,0.540333330631256,1,4,25,3
"1958",0,0,0,0.561333358287811,1,3,44,3
"1959",0,1,1,0.533666670322418,2,3,14,2
"1960",0,0,1,0.533666670322418,2,3,14,2
"1961",1,0,1,0.646333336830139,3,2,3,4
"1962",1,0,1,0.586333334445953,3,2,15,2
"1963",1,0,1,0.562000036239624,2,2,5,4
"1964",1,0,1,0.517333328723907,3,2,1,3
"1965",1,1,0,0.517333328723907,1,2,1,3
"1966",1,0,1,0.561333358287811,2,4,44,3
"1967",1,0,0,0.540333330631256,2,2,25,3
"1968",1,0,1,0.522666692733765,2,4,16,2
"1969",0,0,1,0.533666670322418,1,4,14,2
"1970",0,0,1,0.596000015735626,3,3,27,4
"1971",1,0,1,0.540333330631256,2,4,25,3
"1972",1,0,0,0.552333295345306,3,3,48,4
"1973",1,0,0,0.521000027656555,1,1,50,2
"1974",1,0,1,0.488333344459534,3,2,4,3
"1975",1,0,1,0.533666670322418,1,1,14,2
"1976",0,0,1,0.529333353042603,2,4,26,2
"1977",0,0,1,0.537999987602234,2,2,19,3
"1978",0,0,0,0.529333353042603,4,1,26,2
"1979",1,0,0,0.517333328723907,1,2,1,3
"1980",1,0,0,0.540333330631256,2,4,25,3
"1981",1,0,0,0.506333351135254,2,1,43,3
"1982",0,0,1,0.561333358287811,3,2,44,3
"1983",0,0,0,0.521000027656555,3,3,50,2
"1984",0,0,1,0.646333336830139,3,2,3,4
"1985",1,0,1,0.471333354711533,2,4,24,2
"1986",1,0,0,0.561333358287811,3,4,44,3
"1987",1,0,0,0.517333328723907,2,2,1,3
"1988",1,0,1,0.533666670322418,3,3,14,2
"1989",1,0,1,0.562000036239624,3,2,5,4
"1990",1,0,1,0.562000036239624,1,2,5,4
"1991",1,0,0,0.726999998092651,4,3,45,4
"1992",1,0,0,0.667666673660278,2,3,51,4
"1993",1,0,1,0.562000036239624,3,3,5,4
"1994",1,0,1,0.726999998092651,2,2,45,4
"1995",1,0,0,0.552333295345306,2,3,48,4
"1996",1,0,0,0.562000036239624,2,4,5,4
"1997",1,0,0,0.646333336830139,4,4,3,4
"1998",0,0,1,0.596000015735626,2,2,27,4
"1999",0,0,1,0.562000036239624,3,2,5,4
"2000",0,0,1,0.539333343505859,2,4,38,4
"2001",1,0,1,0.562000036239624,3,4,5,4
"2002",0,0,0,0.562000036239624,3,1,5,4
"2003",1,0,0,0.562000036239624,4,2,5,4
"2004",1,0,1,0.562000036239624,2,3,5,4
"2005",1,0,1,0.562000036239624,4,4,5,4
"2006",0,0,1,0.562000036239624,1,4,5,4
"2007",0,0,1,0.571333348751068,3,2,32,4
"2008",0,0,0,0.562000036239624,1,4,5,4
"2009",1,0,1,0.61300003528595,1,3,6,4
"2010",1,0,0,0.631666660308838,1,4,29,4
"2011",0,0,1,0.562000036239624,2,3,5,4
"2012",1,0,1,0.646333336830139,3,2,3,4
"2013",1,0,1,0.562000036239624,1,3,5,4
"2014",0,0,0,0.562000036239624,2,2,5,4
"2015",0,1,1,0.562000036239624,3,3,5,4
